main_speaker,speaker_occupation
Ken Robinson,Author/educator
Al Gore,Climate advocate
David Pogue,Technology columnist
Majora Carter,Activist for environmental justice
Hans Rosling,Global health expert
Hans Rosling, data visionary
Tony Robbins,Life coach
Tony Robbins, expert in leadership psychology
Julia Sweeney,Actor
Julia Sweeney, comedian
Julia Sweeney, playwright
Joshua Prince-Ramus,Architect
Dan Dennett,Philosopher
Dan Dennett, cognitive scientist
Rick Warren,Pastor
Rick Warren, author
Cameron Sinclair,Co-founder
Cameron Sinclair, Architecture for Humanity
Jehane Noujaim,Filmmaker
Larry Brilliant,Epidemiologist
Larry Brilliant, philanthropist
Jeff Han,Human-computer interface designer
Nicholas Negroponte,Tech visionary
Amy Smith,inventor
Amy Smith, engineer
Ross Lovegrove,Industrial designer
Jimmy Wales,Founder of Wikipedia
Richard Baraniuk,Education visionary
Ze Frank,Humorist
Ze Frank, web artist
Mena Trott,Blogger
Mena Trott, cofounder
Mena Trott, Six Apart
Helen Fisher,Anthropologist
Helen Fisher, expert on love
Eve Ensler,Playwright
Eve Ensler, activist
David Deutsch,Quantum physicist
Richard Dawkins,Evolutionary biologist
Steven Levitt,Economist
Malcolm Gladwell,Writer
Dan Gilbert,Psychologist
Dan Gilbert, happiness expert
Barry Schwartz,Psychologist
Eva Vertes,Neuroscience and cancer researcher
Aubrey de Grey,Crusader against aging
Iqbal Quadir,Founder
Iqbal Quadir, GrameenPhone
Jacqueline Novogratz,Investor and advocate for moral leadership
Sasa Vucinic,Nonprofit venture capitalist
Ashraf Ghani,President-elect of Afghanistan
Burt Rutan,Aircraft engineer
Ben Saunders,Arctic explorer
Bono,Musician
Bono, activist
Edward Burtynsky,Photographer
Robert Fischell,Biomedical inventor
Peter Donnelly,Mathematician
Peter Donnelly, statistician
Michael Shermer,Skeptic
Ray Kurzweil,Inventor
Ray Kurzweil, futurist
Kevin Kelly,Digital visionary
Peter Gabriel,Musician
Peter Gabriel, activist
Richard St. John,Marketer
Richard St. John, success analyst
Rives,Performance poet
Rives, multimedia artist
Dean Ornish,Physician
Dean Ornish, author
Robert Neuwirth,Author
Bjorn Lomborg,Global prioritizer
Wade Davis,Anthropologist
Wade Davis, ethnobotanist
Phil Borges,Photographer
Martin Rees,Astrophysicist
Robert Wright,Journalist
Robert Wright, philosopher
Steven Johnson,Writer
Charles Leadbeater,Innovation consultant
Anna Deavere Smith,Actor
Anna Deavere Smith, playwright
Anna Deavere Smith, social critic
Saul Griffith,Inventor
Neil Gershenfeld,Physicist
Neil Gershenfeld, personal fab pioneer
Carl HonorÌ©,Journalist
Bill Clinton,Activist
E.O. Wilson,Biologist
James Nachtwey,Photojournalist
Jane Goodall,Primatologist
Jane Goodall, environmentalist
Seth Godin,Marketer and author
James Watson,Biologist
James Watson, Nobel laureate
Al Seckel,Master of visual illusions
Dean Kamen,Inventor
Juan Enriquez,Futurist
Stefan Sagmeister,Graphic designer
Alex Steffen,Planetary futurist
Thom Mayne,Architect
Chris Bangle,Car designer
Paul Bennett,Designer
Paul Bennett, creative director
Paul Bennett, Ideo
Vik Muniz,Artist
Nick Bostrom,Philosopher
Janine Benyus,Science writer
Janine Benyus, innovation consultant
Janine Benyus, conservationist
Craig Venter,Biologist
Craig Venter, genetics pioneer
Golan Levin,Experimental audio-visual artist
Susan Savage-Rumbaugh,Primate authority
Frans Lanting,Nature photographer
Sheila Patek,Biologist
Sheila Patek, biomechanics researcher
Jill Sobule,Singer/songwriter
Caroline Lavelle,Cellist
Caroline Lavelle, singer-songwriter
Dan Dennett,Philosopher
Dan Dennett, cognitive scientist
Evelyn Glennie,Musician
William McDonough,Architect
Jeff Bezos,Online commerce pioneer
Rives,Performance poet
Rives, multimedia artist
Tom Honey,Priest
Richard Dawkins,Evolutionary biologist
Tom Rielly,Satirist
Chris Anderson,Drone maker
James Howard Kunstler,Social critic
David Kelley,Designer
David Kelley, educator
Stewart Brand,Environmentalist
Stewart Brand, futurist
Jeff Hawkins,Computer designer
Jeff Hawkins, brain researcher
Tierney Thys,Marine biologist
Blaise AgÌ_era y Arcas,Software architect
John Doerr,Venture capitalist
Ngozi Okonjo-Iweala,Economist
Anand Agarawala,Interaction designer
Anand Agarawala, software developer
Robert Thurman,Buddhist scholar
Thomas Barnett,Military strategist
Stephen Lawler,General manager of Microsoft's Virtual Earth
Hans Rosling,Global health expert
Hans Rosling, data visionary
Bill Stone,Explorer
Bill Stone, inventor and outer space dreamer
Dan Dennett,Philosopher
Dan Dennett, cognitive scientist
Alan Russell,Medical futurist
Jonathan Harris,Artist
Jonathan Harris, storyteller
Jonathan Harris, Internet anthropologist
Emily Oster,Assumption-busting economist
Will Wright,Game designer
Rives,Performance poet
Rives, multimedia artist
David Bolinsky,Medical animator
Allison Hunt,Marketing expert
George Ayittey,Economist
Ngozi Okonjo-Iweala,Economist
Euvin Naidoo,Investment banker
Patrick Awuah,University founder
Chris Abani,Novelist
Chris Abani, poet
Jacqueline Novogratz,Investor and advocate for moral leadership
Jeff Skoll,Producer
Dean Kamen,Inventor
Erin McKean,Dictionary editor
Andrew Mwenda,Journalist
Theo Jansen,Artist
Steven Pinker,Psychologist
Steven Pinker,Psychologist
Deborah Scranton,Filmmaker
Zeresenay Alemseged,Paleoanthropologist
John Maeda,Artist
Stephen Petranek,Technology forecaster 
Paul MacCready,Engineer
Carolyn Porco,Planetary scientist
Hod Lipson,Roboticist
Maira Kalman,Illustrator
Maira Kalman, author
Jan Chipchase,User anthropologist
VS Ramachandran,Brain expert
Eleni Gabre-Madhin,Economist
Sherwin Nuland,Doctor
Matthieu Ricard,Monk
Matthieu Ricard, author
Matthieu Ricard, photographer
Lawrence Lessig,Legal activist
Paul Rothemund,DNA origamist
David Keith,Environmental scientist
Juan Enriquez,Futurist
Larry Brilliant,Epidemiologist
Larry Brilliant, philanthropist
Robert Full,Biologist
Ron Eglash,Mathematician
Philippe Starck,Designer
Murray Gell-Mann,Physicist
Amory Lovins,Physicist
Amory Lovins, energy guru
Arthur Benjamin,Mathemagician
Daniel Goleman,Psychologist
Lakshmi Pratury,Connector
Gever Tulley,Tinkerer
Isabel Allende,Novelist
Yossi Vardi,Investor
Deborah Gordon,Ecologist
J.J. Abrams,Filmmaker
David Gallo,Oceanographer
Paola Antonelli,Design curator
Bill Strickland,Social innovator
Bernie Dunlap,College president
David Pogue,Technology columnist
Alison Jackson,Artist
Chris Anderson,TED Curator
Robin Chase,Transport networker
Jaime Lerner,City evangelist
David Macaulay,Illustrator
Michael Pollan,Environmental writer
Howard Rheingold,Digital community builder
George Dyson,Historian of science
Moshe Safdie,Architect
Joseph Lekuton,Kenyan MP
Steve Jurvetson,Venture capitalist
Alan Kay,Educator and computing pioneer
Craig Venter,Biologist
Craig Venter, genetics pioneer
Nicholas Negroponte,Tech visionary
Jill Bolte Taylor,Neuroanatomist
Frank Gehry,Architect
Dave Eggers,Author
Dave Eggers, publisher
Dave Eggers, education activist
Karen Armstrong,Religious scholar
Neil Turok,Physicist
Neil Turok, education activist
Norman Foster,Architect
Christopher deCharms,Brain researcher
Clifford Stoll,Astronomer
Clifford Stoll, educator
Clifford Stoll, skeptic
Siegfried Woldhek,Illustrator
David Hoffman,Filmmaker
Jakob Trollback,Designer
Stephen Hawking,Theoretical physicist
Al Gore,Climate advocate
Johnny Lee,Human-computer interaction researcher
Yochai Benkler,Legal expert
Ernest Madu,Cardiologist
Amy Tan,Novelist
Brian Greene,Physicist
Brian Cox,Physicist 
Hector Ruiz,CEO
Paul Stamets,Mycologist
Paul Ewald,Evolutionary biologist
Michael Moschen,Juggler
Joshua Klein,Hacker
Alisa Miller,CEO
Alisa Miller, Public Radio International (PRI)
Mark Bittman,Food writer
Robert Ballard,Oceanographer
Yves Behar,Designer
Arthur Ganson,Sculptor
Seyi Oyesola,Doctor
Paul Collier,Economist
Susan Blackmore,Memeticist
Nathan Myhrvold,Polymath
Wade Davis,Anthropologist
Wade Davis, ethnobotanist
Murray Gell-Mann,Physicist
George Dyson,Historian of science
Chris Jordan,Artist
Dean Ornish,Physician
Dean Ornish, author
Robert Full,Biologist
Adam Grosser,Venture capitalist
Steven Levitt,Economist
Benjamin Zander,Conductor
Nicholas Negroponte,Tech visionary
Peter Diamandis,Space activist
Rick Smolan,Photographer
Raul Midon,Guitarist
Corneille Ewango,Botanist and activist
Torsten Reil,Animating neurobiologist
David Hoffman,Filmmaker
Clay Shirky,Social Media Theorist
Freeman Dyson,Physicist
Helen Fisher,Anthropologist
Helen Fisher, expert on love
Billy Graham,Preacher
AJ Jacobs,Author
Keith Barry,Magician
Martin Seligman,Psychologist
Marisa Fick-Jordan,Craft artist
Marisa Fick-Jordan, product designer
Chris Abani,Novelist
Chris Abani, poet
Louise Leakey,Paleoanthropologist
Jonathan Harris,Artist
Jonathan Harris, storyteller
Jonathan Harris, Internet anthropologist
Reed Kroloff,Architecture critic
Kevin Kelly,Digital visionary
Kwabena Boahen,Bioengineer
Robert Lang,Origamist
Patricia Burchat,Particle physicist
Spencer Wells,Genographer
David Griffin,Director of photography
David Griffin, National Geographic
Lennart Green,Close-up card magician
Ian Dunbar,Animal behaviorist
John Q. Walker,Musician and inventor
Sugata Mitra,Education researcher
Ory Okolloh,Blogger and activist
Einstein the Parrot,African grey parrot
Paul Rothemund,DNA origamist
Peter Diamandis,Space activist
Peter Hirshberg,Entrepreneur
Peter Hirshberg, marketer
Jonathan Drori,Educator
Jane Goodall,Primatologist
Jane Goodall, environmentalist
Irwin Redlener,Physician
Irwin Redlener, disaster-preparedness activist
Brewster Kahle,Digital librarian
Carmen Agra Deedy,Storyteller
Keith Bellows,Traveler
Ann Cooper,Lunch lady
Jonathan Haidt,Social psychologist
Eve Ensler,Playwright
Eve Ensler, activist
David S. Rose,Angel Investor
Marvin Minsky,AI pioneer
Philip Zimbardo,Psychologist
Laura Trice,Counselor
Laura Trice, coach and baker
Caleb Chung,Toy designer
Steven Pinker,Psychologist
Rodney Brooks,Roboticist
Stefan Sagmeister,Graphic designer
Noah Feldman,Constitutional law scholar
Liz Diller,Designer
James Nachtwey,Photojournalist
David Perry,Game designer
Doris Kearns Goodwin,Historian
Steven Johnson,Writer
James Burchfield,Human beatbox
Garrett Lisi,Physicist
Paola Antonelli,Design curator
Virginia Postrel,Journalist
Dean Ornish,Physician
Dean Ornish, author
John Hodgman,Expert
Paul MacCready,Engineer
Mihaly Csikszentmihalyi,Positive psychologist
Kristen Ashburn,Photographer
Jared Diamond,Civilization scholar
Rives,Performance poet
Rives, multimedia artist
Newton Aduaka,Filmmaker
Jackie Tabick,Spiritual leader
Dayananda Saraswati,Vedantic teacher
James Forbes,Preacher
Feisal Abdul Rauf, Chairman of the Cordoba Initiative
Robert Thurman,Buddhist scholar
Robert Wright,Journalist
Robert Wright, philosopher
Graham Hawkes,Inventor
James Surowiecki,Finance journalist
John Francis,Planet walker
Tim Brown,Designer
Luca Turin,Nose
Lee Smolin,Physicist
Samantha Power,Political scientist and journalist
Charles Elachi,Planetary scientist
Ursus Wehrli,Comedian
Stewart Brand,Environmentalist
Stewart Brand, futurist
Isaac Mizrahi,Fashion designer
Franco Sacchi,Filmmaker
George Smoot,Astrophysicist
Bill Joy,Technologist and futurist
Dan Barber,Chef
Andy Hobsbawm,Internet entrepreneur
Gregory Petsko,Bioengineer
Richard Preston,Writer
Philip Rosedale,Entrepreneur
Larry Burns,Automotive researcher
Nick Sears,Inventor
David Holt,Folk musician
Eva Zeisel,Designer
Dennis vanEngelsdorp,Bee expert
Jay Walker,Entrepreneur
Dan Gilbert,Psychologist
Dan Gilbert, happiness expert
Benjamin Wallace,Author
Penelope Boston,Cave scientist
Steven Strogatz,Mathematician
Nicholas Negroponte,Tech visionary
Jennifer 8. Lee,Reporter
Kary Mullis,Biochemist
John Maeda,Artist
Paul Sereno,Paleontologist
Paul Moller,Inventor
Greg Lynn,Designer
Rob Forbes,Designer
Scott McCloud,Cartoonist
Peter Reinhart,Baker
Joseph Pine,Writer
Paula Scher,Designer at play
David Carson,Type designer
Jamais Cascio,World-builder
Barry Schuler,Entrepreneur
Sherwin Nuland,Doctor
Woody Norris,Inventor
Peter Ward,Paleontologist
Aimee Mullins,Athlete and actor
Joe DeRisi,Biochemist
Natalie MacMaster,Fiddler
Bill Gross,Idea guy
Bill Gates,Philanthropist
Elizabeth Gilbert,Writer
Milton Glaser,Graphic designer
David Merrill,MIT grad student
Barry Schwartz,Psychologist
Juan Enriquez,Futurist
JosÌ© Antonio Abreu,Maestro
Sylvia Earle,Oceanographer
Jill Tarter,Astronomer
Ed Ulbrich,Visual storyteller
Charles Moore,Oceanographer
Richard Pyle,Ichthyologist
Miru Kim,Photographer and explorer
Evan Williams,Twitter co-founder
Brenda Laurel,Designer and theorist
Willie Smits,Conservationist
Nalini Nadkarni,Tree researcher
Mike Rowe,TV host
Don Norman,Cognitive scientist and design critic
Aimee Mullins,Athlete and actor
Stuart Brown,Play researcher
Stuart Brown, psychiatrist
Tim Berners-Lee,Inventor
Dan Dennett,Philosopher
Dan Dennett, cognitive scientist
Dan Ariely,Behavioral economist
Adam Savage,Maker
Adam Savage, critical thinker
Bruce McCall,Humorist
Kamal Meattle,Business owner and activist
Saul Griffith,Inventor
Jacqueline Novogratz,Investor and advocate for moral leadership
David Pogue,Technology columnist
John Wooden,Coach
Nathan Wolfe,Virus hunter
C.K. Williams,Poet
Jacek Utko,Newspaper designer
Ueli Gegenschatz,Aerialist
Christopher C. Deam,Designer
P.W. Singer,Military analyst
Nathaniel Kahn,Filmmaker
Bruce Bueno de Mesquita,Political scientist
Bonnie Bassler,Molecular biologist
Emily Levine,Philosopher-comic
Renny Gleeson,Skeptimist
Shai Agassi,Green auto pioneer
Gregory Stock,Author
Gregory Stock, thinker
JoAnn Kuchera-Morin,Composer
Tim Ferriss,Investor
Tim Ferriss, human guinea pig
Tim Ferriss, author
Matthew Childs,Marketer
Matthew Childs, rock climber
Margaret Wertheim,Figurer
Niels Diffrient,Designer
Erik Hersman,Technologist
Nate Silver,Statistician
Ben Katchor,Cartoonist
Alex Tabarrok,Economist
Michael Merzenich,Neuroscientist
Sarah Jones,Polymorphic playwright
Laurie Garrett,Science journalist
Brian Cox,Physicist 
Sean Gourley,Physicist and military theorist
Mae Jemison,Astronaut
Mae Jemison, engineer
Mae Jemison, entrepreneur
Mae Jemison, physician and educator
Tom Shannon,Sculptor
Al Gore,Climate advocate
Louise Fresco,Food and agriculture expert
Seth Godin,Marketer and author
Hans Rosling,Global health expert
Hans Rosling, data visionary
Nandan Nilekani,Technologist and visionary
Ray Anderson,Sustainable-business pioneer
Dan Ariely,Behavioral economist
Mary Roach,Writer
Carolyn Porco,Planetary scientist
Joachim de Posada,Speaker and author
Jay Walker,Entrepreneur
Michelle Obama,First Lady of the United States
Jonathan Drori,Educator
Liz Coleman,College president
Ray Kurzweil,Inventor
Ray Kurzweil, futurist
Yann Arthus-Bertrand,Photographer
Felix Dennis,Publisher
Felix Dennis, philanthropist
Felix Dennis, poet
Pete Alcorn,Media exec
John La Grou,Inventor
Kevin Surace,Engineer
Kevin Surace, executive
Nancy Etcoff,Evolutionary psychologist
Robert Full,Biologist
Richard St. John,Marketer
Richard St. John, success analyst
Jane Poynter,Biospherian
Clay Shirky,Social Media Theorist
Diane Benscoter,Deprogrammer
Catherine Mohr,Roboticist
Philip Zimbardo,Psychologist
Paul Collier,Economist
Katherine Fulton,New philanthropist
Ray Zahab,Endurance runner
Arthur Benjamin,Mathemagician
Gever Tulley,Tinkerer
Daniel Libeskind,Architect
Eames Demetrios,Artist
Tom Wujec,Designer
Sophal Ear,Development economist
Kary Mullis,Biochemist
Stewart Brand,Environmentalist
Stewart Brand, futurist
Olafur Eliasson,Sculptor of light and space
Daniel Kraft,Physician scientist
Jim Fallon,Neurobiologist
Nina Jablonski,Anthropologist
Gordon Brown,British Prime Minister
Alain de Botton,Philosopher
Golan Levin,Experimental audio-visual artist
Elaine Morgan,Aquatic ape theorist
Willard Wigan,Micro-sculptor
Michael Pritchard,Inventor
Paul Romer,Chief Economist and Senior Vice President
Paul Romer, World Bank
Janine Benyus,Science writer
Janine Benyus, innovation consultant
Janine Benyus, conservationist
Emmanuel Jal,Hip-hop artist
Dan Pink,Career analyst
Eric Giler,Wireless electrician
Hans Rosling,Global health expert
Hans Rosling, data visionary
Natasha Tsakos,Artist
Cary Fowler,Biodiversity archivist
Joshua Silver,Optical innovator
Geoff Mulgan,Social commentator
Evan Grant,Creative technologist
Steve Truglia,Stuntman
James Balog,Photographer
Lewis Pugh,Coldwater swimmer
Rebecca Saxe,Cognitive neuroscientist
Misha Glenny,Underworld investigator
Bjarke Ingels,Architect
John Lloyd,Producer
Oliver Sacks,Neurological anthropologist
Jonathan Zittrain,Net watchdog
Evgeny Morozov,Internet scientist
William Kamkwamba,Inventor
Taryn Simon,Photographer
Jacqueline Novogratz,Investor and advocate for moral leadership
Parag Khanna,Global strategist
Tim Brown,Designer
Karen Armstrong,Religious scholar
Garik Israelian,Astrophysicist
Stefan Sagmeister,Graphic designer
Carolyn Steel,Food urbanist
David Logan,Professor of management
Chimamanda Ngozi Adichie,Novelist
Beau Lotto,Neuroscientist
Beau Lotto, Artist
Sam Martin,Writer
Eric Sanderson,Landscape ecologist
David Hanson,Robotics designer
Rory Sutherland,Advertising guru
Henry Markram,Neuroscientist
Julian Treasure,Sound consultant
John Gerzema,Marketing whiz
Paul Debevec,Computer graphics pioneer
Itay Talgam,Conductor and leadership expert
Marc Koska,Inventor
Ian Goldin,Economist
Ian Goldin, development visionary
David Deutsch,Quantum physicist
Rachel Armstrong,Applied scientist
Rachel Armstrong, innovator
Becky  Blanton,Writer
Marcus du Sautoy,Mathematician
Stefana Broadbent,Tech anthropologist
Cameron Sinclair,Co-founder
Cameron Sinclair, Architecture for Humanity
Rachel Pike,Atmospheric chemist
Edward Burtynsky,Photographer
Cynthia Schneider,Cultural diplomacy expert
Pranav Mistry,Director of research
Pranav Mistry, Samsung Research America
Mathieu Lehanneur,Designer
Fields Wicker-Miurin,Social entrepreneur
Devdutt Pattanaik,Mythologist
Tom Wujec,Designer
Hans Rosling,Global health expert
Hans Rosling, data visionary
Rob Hopkins,Resilience leader
Magnus Larsson,Dune architect
Mallika Sarabhai,Dancer
Mallika Sarabhai, actor
Mallika Sarabhai, activist
Shashi Tharoor,Politician and writer
Gordon Brown,British Prime Minister
Andrea Ghez,Astronomer
Anupam Mishra,Environmental activist
Scott Kim,Puzzlemaster
Sunitha Krishnan,Anti-trafficking crusader
Rory  Bremner,Comedian
Marc Pachter,Cultural Historian
Thulasiraj Ravilla,Vision activist
Shereen El Feki,Arab sexuality expert
Loretta Napoleoni,Macroeconomist
Ryan Lobo,Photographer
Alexis Ohanian,Entrepreneur
Charles Anderson,Marine biologist
James Geary,Aphorist
Shaffi Mather,Social entrepreneur
Shaffi Mather, lawyer
Steven  Cowley,Physicist 
Asher Hasan,Social entrepreneur
Bertrand Piccard,Solar adventurer
Vilayanur Ramachandran,Brain expert
Nick Veasey,X-ray visionary
Dan Buettner,Longevity coach
Dan Buettner, explorer
Romulus Whitaker,Herpetologist
Kartick Satyanarayan,Wildlife conservationist 
Kiran Sethi,Educator
Lalitesh Katragadda,Engineer
Charles Fleischer,Comedian
Charles Fleischer, voice artist
David Blaine,Illusionist
David Blaine, endurance artist
Ravin Agrawal,Investor 
Anthony Atala,Surgeon
Bill Davenhall,Health and human services expert
Joshua Prince-Ramus,Architect
Eve Ensler,Playwright
Eve Ensler, activist
Jane Chen,Social entrepreneur
Derek Sivers,Entrepreneur
Sendhil Mullainathan,Behavioral economist
Jamie Heywood,Healthcare revolutionary
George Whitesides,Chemist
David Agus,Cancer Doctor
Peter Eigen,Founder
Peter Eigen, Transparency International
Jamie Oliver,Chef
Jamie Oliver, activist
Blaise AgÌ_era y Arcas,Software architect
David Cameron,Politician
Aimee Mullins,Athlete and actor
Bill Gates,Philanthropist
Kevin Kelly,Digital visionary
Philip K. Howard,Legal activist
Eric Topol,Cardiologist and geneticist 
Temple Grandin,Livestock handling designer
Temple Grandin, autism activist
Pawan Sinha,Visual neuroscientist
Raghava KK,Artist
Daniel Kahneman,Behavioral economics founder
Harsha Bhogle,Cricket commentator
Gary Flake,Technologist
James Cameron,Director
The LXD,Dance adventurers
Srikumar Rao,Happiness teacher
Tim Berners-Lee,Inventor
Gary Lauder's new traffic sign,Venture capitalist
Dan Barber,Chef
Eric Mead,Magician
Mark Roth,Biochemist
Mark Roth, cell biologist
Eric Dishman,Social scientist
Jane McGonigal,Game Designer
Ken Kamler,Adventure physician 
Shekhar Kapur,Director and writer
Sam Harris,Neuroscientist
Sam Harris, philosopher
Juliana Machado Ferreira,Biologist
Alan Siegel,Executive
Alan Siegel, simplicity guru
Joel Levine,Planetary and atmospheric scientist
Robert Gupta,Violinist
Kevin Bales,Anti-slavery activist
Shukla Bose,Education activist
Kirk Citron,Media expert 
Derek Sivers,Entrepreneur
Adora Svitak,Child prodigy
Elizabeth Pisani,Author
Dean Kamen,Inventor
Dennis Hong,Roboticist 
Jonathan Drori,Educator
Michael Specter,Writer
Jonathan Klein,Executive
Catherine Mohr,Roboticist
Thelma Golden,Curator
Edith Widder,Marine biologist
James Randi,Skeptic and conjuror
Frederick Balagadde,Inventor
Tom Wujec,Designer
Omar Ahmad,Technologist
Omar Ahmad, city councilman
Kavita Ramdas,Philanthropist
Stephen Wolfram,Scientist
Stephen Wolfram, inventor
Roz Savage,Ocean rower
George Whitesides,Chemist
Sebastian Wernicke,Data scientist
Esther Duflo,Development economist
Simon Sinek,Leadership expert
Jeremy Jackson,Marine ecologist
Anil Gupta,Innovation advocate
Nicholas Christakis,Physician
Nicholas Christakis, social scientist
Nathan Myhrvold,Polymath
Enric Sala,Marine ecologist
Dan Meyer,Educator
Julia Sweeney,Actor
Julia Sweeney, comedian
Julia Sweeney, playwright
William Li,Cancer researcher
Graham Hill,Journalist
Dee Boersma,Conservation biologist
Richard Sears,Geophysicist
Craig Venter,Biologist
Craig Venter, genetics pioneer
Ken Robinson,Author/educator
Johanna Blakley,Media maven
Sharmeen Obaid-Chinoy,Filmmaker
Seth Berkley,Vaccine visionary
Lawrence Lessig,Legal activist
John Underkoffler,Interface designer
Brian Skerry,Photographer
"Christopher ""moot"" Poole""",Founder
"Christopher ""moot"" Poole""", 4chan
Brian Cox,Physicist 
Adam Sadowsky,Creative entrepreneur 
Michael Sandel,Political philosopher
John Kasaona,Conservationist
Rory Sutherland,Advertising guru
David Byrne,Musician
David Byrne, artist
David Byrne, writer
Michael Shermer,Skeptic
Margaret Gould Stewart,User experience master
Peter Tyack,Behavioral ecologist
Cameron Herold,Entrepreneur
Ananda Shankar Jayant,Dancer and choreographer
Chip Conley,CEO
Chip Conley, author
Marian Bantjes,Designer
Marian Bantjes, illustrator
Marian Bantjes, typographer
Charles Leadbeater,Innovation consultant
Aditi Shankardass,Neuroscientist 
Hillel Cooperman,Entrepreneur
Hillel Cooperman, Lego enthusiast
Clay Shirky,Social Media Theorist
Ellen Dunham-Jones,Architect
Stephen Palumbi,Marine biologist
Carter Emmart,Scientist
Carter Emmart, Artist 
Mitchell Joachim,Architect
Mitchell Joachim, designer
Benoit Mandelbrot,Mathematician
Ellen  Gustafson,Social entrepreneur
Nalini Nadkarni,Tree researcher
Hans Rosling,Global health expert
Hans Rosling, data visionary
Carl Safina,Ecologist
Carl Safina, writer
Matt Ridley,Rational optimist
Ethan Zuckerman,Blogger
Ethan Zuckerman, digital visionary
Elif Shafak,Novelist
Julian Assange,Whistleblower
Naif Al-Mutawa,Creator
Naif Al-Mutawa, The 99
Dimitar Sasselov,Astronomer
Tan Le,Entrepreneur
Kevin Stone,Surgeon
Kevin Stone, inventor
Sheena Iyengar,Psycho-economist
Susan Shaw,Marine toxicologist
John Delaney,Oceanographer
Laurie Santos,Cognitive psychologist
Lewis Pugh,Coldwater swimmer
Jason Clay,Market transformer
Sheryl WuDunn,Author
Sheryl WuDunn, journalist
Peter Molyneux,Game changer
Jamil Abu-Wardeh,Producer
Maz Jobrani,Comedian
Seth Priebatsch,Entrepreneur
David McCandless,Data journalist
Lee Hotz,Journalist
Jim Toomey,Cartoonist
Lisa Margonelli,Writer
Dan Cobley,Online marketing whiz
Nic Marks,Happiness researcher
Johan Rockstrom,Sustainability expert
His Holiness the Karmapa,Spiritual leader
Derek Sivers,Entrepreneur
Rachel Sussman,Artist
Rachel Sussman, photographer
Sugata Mitra,Education researcher
Alwar Balasubramaniam,Artist
Carne Ross,Diplomat
Ben Cameron,Arts administrator
Rob Dunbar,Oceanographer
Rob Dunbar, biogeochemist
Chris Anderson,TED Curator
Jessa Gamble,Writer
Nicholas Christakis,Physician
Nicholas Christakis, social scientist
Caroline Phillips,Musician
Christien Meindertsma,Artist
Steven Johnson,Writer
Mitchell Besser,HIV/AIDS fighter
Annie Lennox,Activist
Annie Lennox, singer-songwriter
Fabian Hemmert,Designer
Julian Treasure,Sound consultant
Gary Wolf,Journalist
Sebastian Seung,Computational neuroscientist
Inge Missmahl,Analytical psychologist
Mechai Viravaidya,Public health expert
Eben Bayer,Green designer
Tim Jackson,Economist
Barbara Block,Marine biologist
Hans Rosling,Global health expert
Hans Rosling, data visionary
Stacey Kramer,Brand strategist
Stefano Mancuso,Plant neurobiologist
Melinda Gates,Philanthropist
Peter Haas,Building activist
Natalie Jeremijenko,Artist and engineer
Ze Frank,Humorist
Ze Frank, web artist
Jessica Jackley,Microlender
Heribert Watzke,Food scientist
Dianna Cohen,Artist and activist
Patrick Chappatte,Editorial cartoonist
R.A. Mashelkar,Scientist
R.A. Mashelkar, innovator
Joseph Nye,Diplomat
Barton Seaver,Chef
Shimon Steinberg,Entomologist
Tom Chatfield,Gaming theorist
David Bismark,Voting system designer
Greg Stone,Oceanographer
Gero Miesenboeck,Optogeneticist
Andrew Bird,Musician
Emily Pilloton,Humanitarian design activist
Stefan Wolff,Ethnic conflicts scholar
Aaron Huey,Photographer
Auret van Heerden,Labor-rights activist
Eric Berlow,Ecologist
Conrad Wolfram,Mathematician
Denis Dutton,Philosopher
Shimon Schocken,Computer Scientist
Shimon Schocken, Educator
John Hardy,Designer
John Hardy, educator
Kristina Gjerde,High seas policy advisor
Kim Gorgens,Neuropsychologist
Zainab Salbi,Activist and social entrepreneur
Jason Fried,Software entrepreneur
Dan Phillips,Builder
Birke Baehr,Aspiring organic farmer
William Ury,Mediator
Marcel Dicke,Ecological entomologist
Bart Weetjens,Product developer
Arthur Potts Dawson,Green chef
Halla TÌ_masdÌ_ttir,Change catalyst
Tony Porter,Author
Tony Porter, educator
Tony Porter, activist
Kiran Bedi,Corrections pioneer
Hanna Rosin,Journalist
Diana Laufenberg,Educator
Rachel Botsman,Trust researcher
Sheryl Sandberg,COO
Sheryl Sandberg, Facebook
Majora Carter,Activist for environmental justice
BrenÌ© Brown,Vulnerability researcher
Barry Schwartz,Psychologist
Arianna Huffington,Journalist
Lesley Hazleton,Writer
Lesley Hazleton, psychologist
Charles Limb,Researcher
Deborah Rhodes,Physician
Deborah Rhodes, cancer researcher
Neil Pasricha,Director
Neil Pasricha, The Institute for Global Happiness
Jody Williams,Nobel peace laureate
Amber Case,Cyborg Anthropologist 
Thomas Thwaites,Designer
Elizabeth Lesser,Wellness specialist
Ali Carr-Chellman,Instructional designer
Naomi Klein,Author
Naomi Klein, Activist 
Charity Tillemann-Dick,Soprano
Van Jones,Social justice and green energy activist
Anders Ynnerman,Scientific visualization expert
Heather Knight,Roboticist 
Martin Jacques,Writer
Martin Jacques, columnist
Thomas Goetz,Healthcare communicator
Liza Donnelly,Cartoonist 
Ariel Garten,Artist
Ariel Garten, scientist and entrepreneur
Bruce Feiler,Writer
Kate Orff,Landscape architect
Dale Dougherty,Tech publisher
Johanna Blakley,Media maven
Christopher McDougall,Journalist
Christopher McDougall, runner
Suheir Hammad,Poet
Suheir Hammad, playwright
Nigel Marsh,Author and marketer
Cynthia Breazeal,Roboticist 
Michael Pawlyn,Architect
Geert Chatrou,Whistler
Krista Tippett,Journalist
Patricia Kuhl,Language 
Jacqueline Novogratz,Investor and advocate for moral leadership
Lisa Gansky,Entrepreneur
Madeleine Albright,Former US Secretary of State
Noreena Hertz,Economist
Iain Hutchison,Facial surgeon
Elizabeth Lindsey,Explorer
Elizabeth Lindsey, ethnographer
Danny Hillis,Computer theorist
Wadah Khanfar,Journalist
JR,Street artist
Wael Ghonim,Internet activist and computer engineer
Bill Gates,Philanthropist
Anthony Atala,Surgeon
Courtney E. Martin,Journalist
Sal Khan,Educator and social entrepreneur
Deb Roy,Cognitive scientist
Rob Harmon,Natural resources expert
David Brooks,Op-ed columnist 
Janna Levin,Physicist
Mark Bezos,Activist
Mark Bezos, volunteer firefighter
Rogier van der Heide,Lighting designer
Sarah Kay,Poet
Hans Rosling,Global health expert
Hans Rosling, data visionary
Isabel Behncke,Primatologist
Paul Root Wolpe,Ethicist
Eythor Bender,Berkeley Bionics' CEO
Patricia Ryan ,Language teacher
Ralph Langner,Security consultant
Sebastian Thrun,Engineer
Eric Whitacre,Composer
Eric Whitacre, conductor
AnnMarie Thomas,Educator
Stanley McChrystal,Military leader
Chade-Meng Tan,Google Fellow
Morgan Spurlock,Filmmaker
Mick Ebeling,Entrepreneur
Caroline Casey,Inclusivity activist
Jackson Browne,Musician and activist
David Christian,Historian
Dave Meslin,Artist and organizer
Roger Ebert,Film critic and blogger
Marcin Jakubowski,Farmer and technologist
Susan Lim,Surgeon
Sam Richards,Sociologist
Kathryn Schulz,Wrongologist
John Hunter,Educator
Anil Ananthaswamy,Science writer
Ric Elias,Entrepreneur
Harvey Fineberg,Health policy expert
Bruce Schneier,Security expert
Angela Belcher,Biological engineer
Mike Matas,Software engineer
Arvind Gupta,Toymaker
Eli Pariser,Organizer and author
Carlo Ratti,Architect and engineer
Suzanne Lee,Designer
Sean Carroll,Physicist
Sean Carroll, cosmologist
Louie Schwartzberg,Filmmaker
Paul Nicklen,Polar photographer
Fiorenzo Omenetto,Biomedical engineer
Ron Gutman,Entrepreneur
Amit Sood,Technologist
Leonard Susskind,Physicist
Ed Boyden,Neuroengineer
Thomas Heatherwick,Designer
Elliot Krane,Pediatric anesthesiologist
Edith Widder,Marine biologist
Terry Moore,Thinker
Aaron Koblin,Data artist
Bruce Aylward,Epidemiologist
Shirin Neshat,Iranian visual artist
Mustafa Akyol,Journalist
Dennis Hong,Roboticist 
Stefan Sagmeister,Graphic designer
Aaron O'Connell,Physicist
Jessi Arrington,Designer
Damon Horowitz,Philosopher
Damon Horowitz, entrepreneur
Jack Horner,Dinosaur digger
Janet Echelman,Artist
Paul Romer,Chief Economist and Senior Vice President
Paul Romer, World Bank
Alice Dreger,Historian
JD Schramm,Communicator
Daniel Kraft,Physician scientist
Shea Hembrey,Artist and curator
Steve Keil,Entrepreneur
Camille Seaman,Photographer
Bill Ford,Executive chair
Bill Ford, Ford Motor Co.
Daniel Tammet,Linguist
Daniel Tammet, educator
Jok Church,Cartoonist
Honor Harger,Artist
Joshua Walters,Comedian
Joshua Walters, activist
Emiliano Salinas,Community activist
Rajesh Rao,Computational neuroscientist
Dave deBronkart,e-Patient
Robert Hammond,Friend of the High Line
Matt Cutts,Technologist
Nathan Myhrvold,Polymath
Jonathan Drori,Educator
Simon Lewis,Author
Simon Lewis, producer
Nina Tandon,Tissue engineering researcher
Rebecca MacKinnon,Internet freedom activist
Maajid Nawaz,Anti-extremism activist
Tim Harford,Economist
Tim Harford, journalist and broadcaster
Nadia Al-Sakkaf,Journalist
Mikko Hypponen,Cybersecurity expert
Thandie Newton,Actor
Kevin Slavin,Algoworld expert
Markus Fischer,Designer
Rory Stewart,Politician
Geoffrey West,Theorist
Paul Bloom,Psychologist
Josette Sheeran,Anti-hunger leader
Julian Treasure,Sound consultant
Adam Ostrow,Journalist
Harald Haas,Communications technology innovator
Mark Pagel,Evolutionary biologist
Jessica Green,Engineer and biodiversity scientist
Philip Zimbardo,Psychologist
Eve Ensler,Playwright
Eve Ensler, activist
Alex Steffen,Planetary futurist
Dyan deNapoli,Penguin expert
Jeremy Gilley,Peace activist
Lucianne Walkowicz,Stellar astronomer
Marco Tempest,Techno-illusionist
Dan Ariely,Behavioral economist
Svante PÌ_Ì_bo,Geneticist
Julia Bacha,Filmmaker
Skylar Tibbits,Inventor
Joan Halifax,Author
Joan Halifax, Zen priest
Edward Tenner,Historian of technology and culture
Sarah Kaminsky,Actor and writer
Lee Cronin,Chemist
Raghava KK,Artist
Yasheng Huang,Political economist
Misha Glenny,Underworld investigator
Kate Hartman,Artist and technologist
Richard Resnick,Entrepreneur
Lauren Zalaznick,Media executive
Niall Ferguson,Historian
Amy Lockwood,Global development worker
Elizabeth Murchison,Cancer researcher
Sunni Brown,Visualizer and gamestorming
Abraham Verghese,Physician and author
Geoff Mulgan,Social commentator
Jarreth Merz,Filmmaker
Ben Goldacre,Debunker
Yang Lan,Media mogul
Yang Lan, TV host
Christoph Adami,Artificial life researcher
Graham Hill,Journalist
Mike Biddle,Plastics recycler
Charles Hazlewood,Conductor
Alison Gopnik,Child development psychologist
Richard Seymour,Designer
Ian Ritchie,Software entrepreneur
Pamela Meyer,Lie detector
Jae Rhim Lee,Artist
Bunker Roy,Educator
Justin Hall-Tipping,Science entrepreneur
Guy-Philippe Goldstein,Author
Todd Kuiken,Biomedical engineer
Nathalie Miebach,Artist
Richard Wilkinson,Public health researcher
Malcolm Gladwell,Writer
Jay Bradner,Research scientist
BÌ©atrice Coron,Papercutter artist
Hasan Elahi,Privacy artist
Paul Zak,Neuroeconomist
Anna Mracek Dietrich,Inventor
Daniel Wolpert,Movement expert
Marco Tempest,Techno-illusionist
Sandra Fisher-Martins,Translator
Sandra Fisher-Martins, plain language activist
Martin Hanczyc,Chemist
Aparna Rao,Artist
Ben Kacyra,Digital preservationist
Allan Jones,Brain scientist
Charlie Todd,Comedian
Alexander Tsiaras,Medical image maker
Yves Rossy,Jetman
Thomas Suarez,Developer
Thomas Suarez, 12 year old
Cynthia Kenyon,Biochemist
Cynthia Kenyon, geneticist
Robin Ince,Comedian
Phil Plait,Astronomer
PÌ©ter Fankhauser,Roboticist
Joe Sabia,Storyteller
Britta Riley,Artist
Britta Riley, urban farmer
Amy Purdy,Pro snowboarder
Damon Horowitz,Philosopher
Damon Horowitz, entrepreneur
Annie Murphy Paul,Science author
Charles Limb,Researcher
Kathryn Schulz,Wrongologist
Sarah Kay,Poet
Srdja Popovic,Organizer
Luis von Ahn,Computer scientist
Cheryl Hayashi,Spider silk scientist
Yoav Medan,Medical inventor
Stefon Harris,Jazz vibraphonist
Monika Bulaj,Photographer
Quyen Nguyen,Surgeon
Pavan Sukhdev,Environmental economist
Ramona Pierson,Education innovator
Roger Doiron,Gardening activist
Antonio Damasio,Neuroscientist
Sheila Nirenberg,Neuroscientist
Daniel Goldstein,Behavioral economist
Karen Tse,Anti-torture activist
Alberto Cairo,Physiotherapist
AJ Jacobs,Author
Jane Fonda,Actor and activist
Paddy Ashdown,Diplomat
Sebastian Wernicke,Data scientist
Tyler Cowen,Economist
Jonas Gahr StÌüre,Foreign Minister of Norway
Drew Berry,Biomedical animator
Sonaar Luthra,No Occupation Noted
Alain de Botton,Philosopher
Mikko Hypponen,Cybersecurity expert
Clay Shirky,Social Media Theorist
Sheena Iyengar,Psycho-economist
Bilal Bomani,NASA scientist
Julian Baggini,Philosopher
Lisa Harouni,3D printing entrepreneur
Diana Nyad,Journalist
Diana Nyad, swimmer
Brian Goldman,Physician
Brian Goldman, broadcaster
Gayle Tzemach Lemmon,Reporter
Mick Mountz,CEO
Mick Mountz, Kiva Systems
Peter van Uhm,General
Bill Doyle,Engineer
Shawn Achor,Psychologist
Erica Frenkel,Medical technologist
Danny Hillis,Computer theorist
Mike deGruy,Filmmaker
Neil Burgess,Neuroscientist
Stephen Coleman,Ethicist
Sheikha Al Mayassa,Founder
Sheikha Al Mayassa, Doha Film Institute
Jack Horner,Dinosaur digger
Erik Johansson,Photographer and retoucher
Drew Dudley,Leadership educator
Jenna McCarthy,Writer
Lucien Engelen,Healthcare innovator
Simon Berrow,Marine biologist
Paul Conneally,Aid worker
Garth Lenz,Photographer
Neil MacGregor,Director of The British Museum
Chris Bliss,Writer
Shilo Shiv Suleman,Artist
Shlomo Benartzi,Economist
Tan Le,Entrepreneur
Avi Rubin,Computer security expert
Kevin Allocca,YouTube trends manager
Paul Snelgrove,Marine biologist
Daniel Pauly,Fisheries biologist
Peter Diamandis,Space activist
Paul Gilding,Writer
Vijay Kumar,Roboticist
Susan Cain,Quiet revolutionary
Bryan Stevenson,Public-interest lawyer
Andrew Stanton,Filmmaker
James Hansen,Climatologist
Jennifer Pahlka,Code activist
Improv Everywhere,Social energy entrepreneur
Larry Smith,Professor of Economics
Larry Smith, University of Waterloo
Jonathan Haidt,Social psychologist
Rob Reid,Author
Rob Reid, entrepreneur
BrenÌ© Brown,Vulnerability researcher
T. Boone Pickens,Entrepreneur and energy theorist
Noel Bairey Merz,Physician
Taylor Wilson,Nuclear scientist
Billy Collins,Poet
Peter Saul,Doctor
Peter Saul, intensive care specialist
Donald Sadoway,Materials engineer
Regina Dugan,Former director of DARPA
Leymah Gbowee,Peace activist
Leymah Gbowee, Nobelist
Ayah Bdeir,Engineer and artist
Marco Tempest,Techno-illusionist
Rick Falkvinge,No Occupation Noted
Sherry Turkle,Cultural analyst
Chip Kidd,Graphic designer
Jack Choi,Technologist
Lucy McRae,Body architect 
Jonathan Foley,Professor
Frank Warren,Secret keeper
Frans de Waal,Primatologist
Melinda Gates,Philanthropist
Tal Golesworthy,Engineer and artist
Abigail Washburn,Clawhammer banjo player
Atul Gawande,Surgeon
Atul Gawande, journalist
Drew Curtis,Web entrepreneur
Taryn Simon,Photographer
Laura Carstensen,Psychologist
Christina Warinner,Archaeological geneticist
Brian Greene,Physicist
Michael Norton,Social science researcher
Eduardo Paes,Mayor of Rio de Janeiro
Nancy Lublin,Activist
Joe Smith,Lawyer
Brenda Romero,Game designer
Liz Diller,Designer
Amory Lovins,Physicist
Amory Lovins, energy guru
Reuben Margolin,Kinetic sculptor
Gary Kovacs,No Occupation Noted
Rory Sutherland,Advertising guru
Tavi Gevinson,Blogger and fashion icon
Michael Tilson Thomas,Musician
Michael Tilson Thomas, Conductor
JP Rangaswami,Technologist
Karen Bass,Natural history filmmaker 
Joshua Foer,Writer
Renny Gleeson,Skeptimist
Bart Knols,Malariologist
Tali Sharot,Cognitive neuroscientist
Jean-Baptiste Michel,Data researcher
David Kelley,Designer
David Kelley, educator
Carl Schoonover,Neuroscience PhD student + writer
JR,Street artist
Michael McDaniel,Graphic designer
Nathan Wolfe,Virus hunter
Hans Rosling,Global health expert
Hans Rosling, data visionary
Philippe Petit,High-wire artist
Shereen El-Feki,Arab sexuality expert
David MacKay,Professor
Ken Goldberg,Roboticist
William Noel,Curator
William Noel, rare book scholar
Dalia Mogahed,Muslim studies scholar
Sebastian Deterding,Designer
Seth Shostak,Astronomer
David Birch,Digital money and identity consultant
Juan Enriquez,Futurist
Diane Kelly,Biologist
Terry Moore,Thinker
Damian Palin,Biological miner
John Hodgman,Expert
Ami Klin,Autism researcher
John Hockenberry,Journalist
Rebecca Onie,Health services innovator
Beeban Kidron,Film director
Sarah Parcak,Satellite archaeologist + TED Prize winner
LZ Granderson,Journalist
Rodney Mullen,Skater
Megan Kamerick,Reporter
David R. Dow,Death penalty lawyer
Ivan Oransky,Health reporter
Marco Tempest,Techno-illusionist
Peter Norvig,Computer scientist
Wolfgang Kessling,Physicist
Jon Nguyen,Engineer
Nirmalya Kumar,Professor
E.O. Wilson,Biologist
Rives,Performance poet
Rives, multimedia artist
Massimo Banzi,Physical Computing Guru
Don Tapscott,Digital strategist
Elyn Saks,Mental health law scholar
Boaz Almog,Quantum Researcher
Alanna Shaikh,Global health and development specialist
Raghava KK,Artist
Cesar Harada,Inventor
Cesar Harada, environmentalist
Cesar Harada, educator
Jane McGonigal,Game Designer
Jonathan Eisen,Biologist
Chris Gerdes,Mechanical engineer
Marc Goodman,Global Security Futurist
Jared Ficklin,Visualizer
Todd Humphreys,Assistant Professor
Gabriel Barcia-Colombo,Video sculptor
Mina Bissell,Cancer Researcher
Jamie Drummond,Anti-poverty activist
Baba Shiv,Neuroeconomist
Neil Harbisson,Sonochromatic Cyborg Artist
John Graham-Cumming,Computer programmer
Vinay Venkatraman,Designer
James Stavridis,Navy Admiral
Malte Spitz,Politician
Malte Spitz, data activist
Tracy Chevalier,Author
Ramesh Raskar,Femto-photographer
Michael Hansmeyer,Computational architect
Noah Wilson-Rich,Beekeeper
Michael Anti,Blogger
Stephen Ritz,Teacher
Daphne Koller,Educator
Becci Manson,Photo Retoucher
Mark Applebaum,Composer
Scilla Elworthy,Peace builder
Margaret Heffernan,Management thinker
Max Little,Applied mathematician
Pam Warhurst,Cofounder
Pam Warhurst, Incredible Edible
Kirby Ferguson,Filmmaker and Remixer
Lisa Kristine,Photographer
Mark Forsyth,Writer
Ivan Krastev,Public intellectual
Jon Ronson,Writer and filmmaker
Timothy Prestero,Designer
Rob Legato,Visual Effects Guru
Robert Neuwirth,Author
Shyam Sankar,Data Intelligence Agent
Antony Gormley,Sculptor
Jonathan Trent,Scientist and biofuel guru
Kent Larson,Architect
Scott Fraser,Forensic psychologist
Scott Fraser, expert witness
Vikram Patel,Mental health care advocate
Leslie T. Chang,Journalist
Susan Solomon,Stem cell research advocate
Wayne McGregor,Dancer and Choreographer
Beth Noveck,Open-government expert
Tristram Stuart,Author and Activist
Sarah-Jayne Blakemore,Cognitive Neuroscientist
Julian Treasure,Sound consultant
Andrew Blum,Network author
Bandi Mbubi,Social Justice Activist
Ed Gavagan,Designer
Ed Gavagan, Storyteller
Rachel Botsman,Trust researcher
Andrew McAfee,Management theorist
Read Montague,Behavioral Neuroscientist
Clay Shirky,Social Media Theorist
Ben Goldacre,Debunker
Bahia Shehab,Artist and historian
Aris Venetikidis,Mapmaker
Vicki Arroyo,Environmental policy influencer
Amy Cuddy,Social psychologist
Jason McCue,Lawyer
Shimon Schocken,Computer Scientist
Shimon Schocken, Educator
Thomas P. Campbell,Museum director
Tim Leberecht,Business romantic
John Maeda,Artist
Ruby Wax,Comedian and Mental Health Activist
Melissa Marshall,Communications teacher
Maurizio Seracini,Art diagnostician
Eddie Obeng,Business Educator
John Wilbanks,Data Commons Advocate
Heather Brooke,Journalist
Ryan Merkley,COO
Ryan Merkley, Mozilla Foundation
Pankaj Ghemawat,Globalization researcher
David Pizarro,Psychologist
David Pizarro, Disgust researcher
Lemn Sissay,Poet and playwright
Doris Kim Sung,Architect
Marco Tempest,Techno-illusionist
Rory Stewart,Politician
Sanjay Pradhan,Development Leader
Emma Teeling,Zoologist
Adam Garone,Moustache activist
Faith Jegede Cole,Writer
Matt Killingsworth,Happiness researcher
Jake Wood,CEO
Jake Wood, Team Rubicon
Gary Greenberg,Micro photographer
Georgette Mulheir,CEO
Georgette Mulheir, Lumos
Jeff Hancock,Psychologist
Julie Burstein,Writer and radio producer
Arunachalam Muruganantham,Inventor
Hannah Brencher,Letter enthusiast
Leah Buechley,Designer
David Binder,Theater producer
Daphne Bavelier,Cognitive researcher
Amos Winter,Mechanical engineer
Louie Schwartzberg,Filmmaker
Candy Chang,Artist
Candy Chang, designer
Candy Chang, urban planner
Ernesto Sirolli,Sustainable development expert
Jonas Eliasson,Transportation specialist
Janine Shepherd,Pilot
Munir Virani,Raptor biologist
Munir Virani, wildlife photographer
Paolo Cardini,Designer
Bobby Ghosh,Editor
Ludwick Marishane,Entrepreneur
Jeff Smith,Recovering politician
Nina Tandon,Tissue engineering researcher
Lemon Andersen,Poet and actor
Ellen 't Hoen,Medicine law expert
Markham Nolan,Journalist
Maz Jobrani,Comedian
Marcus Byrne,Entomologist
Ben Saunders,Arctic explorer
Robin Chase,Transport networker
Molly Crockett,Neuroscientist
Steven Addis,Brand strategist
Adam Davidson,Journalist
Ronny Edry,Graphic Designer
Karen Thompson Walker,Novelist
Hadyn Parry,Biotechnology entrepreneur
Don Levy,Film executive
Jonathan Haidt,Social psychologist
Sue Austin,Performance artist
Jarrett J. Krosoczka,Author/illustrator
Boghuma Kabisen Titanji,Clinical researcher
Andy Puddicombe,Mindfulness expert
Angela Patton,Activist
Ellen Jorgensen,Biologist
Ellen Jorgensen, community science advocate
Cameron Russell,Model
Richard Weller,Dermatologist
Colin Stokes,Proud dad
Janine di Giovanni,Reporter
Colin Powell,Former U.S. Secretary of State
Steven Schwaitzberg,Surgeon and technologist
Leslie Morgan Steiner,Writer
Wingham Rowan,Policy entrepreneur
Mitch Resnick,Computer scientist
iO Tillett Wright,Photographer
Fahad Al-Attiya,Food security expert
Zahra' Langhi,Activist
Tyler DeWitt,Science enthusiast
Cesar Kuriyama,Video maker
Lee Cronin,Chemist
Edi Rama,Politician
Shabana Basij-Rasikh,Educator
Erik Schlangen,Experimental micromechanics pioneer
James B. Glattfelder,Complex systems theorist
Esther Perel,Relationship therapist
Young-ha Kim,Writer
Miguel Nicolelis,Neuroscientist
Keith Chen,Behavioral economist
Afra Raymond,Transparency activist
Andreas Schleicher,Education surveyor
Michael Dickinson,Biologist
Bruce Feiler,Writer
Sugata Mitra,Education researcher
Jennifer Granholm,Former governor of Michigan
Amanda Palmer,Musician
Amanda Palmer, blogger
Allan Savory,Grassland ecosystem pioneer
Edith Widder,Marine biologist
Ron Finley,Gardener
Kakenya Ntaiya,Educator and activist
Shane Koyczan,Poet
Dan Pallotta,Author
Dan Pallotta, speaker
Dan Pallotta, reformer
David Anderson,Neurobiologist
Stewart Brand,Environmentalist
Stewart Brand, futurist
Bono,Musician
Bono, activist
Catarina Mota,Maker
Danny Hillis,Computer theorist
Hyeonseo Lee,Activist
Francis Collins,Geneticist
Francis Collins, physician
Eric Whitacre,Composer
Eric Whitacre, conductor
Jessica Green,Engineer and biodiversity scientist
Mark Shaw,Macroencapsulator
Richard Turere,Inventor
Colin Camerer,Behavioral economist
Kees Moeliker,Ornithologist
Sanjay Dastoor,Roboticist
Lawrence Lessig,Legal activist
Skylar Tibbits,Inventor
Ken Jennings,Know-it-all
Freeman Hrabowski,Educator
Keller Rinaudo,Robotics entrepreneur
Dan Ariely,Behavioral economist
Eric Dishman,Social scientist
Laura Snyder,Science historian
Rose George,Curious journalist
Thomas Insel,Neuroscientist and psychiatrist
Joshua Prager,Journalist
Andres Lozano,Neurosurgeon
BLACK,Yo-yo champion
John McWhorter,Linguist
Robert Gordon,Economist
Erik Brynjolfsson,Innovation researcher
Jennifer Healey,Research scientist
David Pogue,Technology columnist
Nilofer Merchant,Corporate director
Nilofer Merchant, author
Taylor Wilson,Nuclear scientist
SebastiÌ£o Salgado,Photojournalist
Juan Enriquez,Futurist
Rita Pierson,Educator
Timothy Bartik,Economist
ShaoLan,Technologist
ShaoLan, entrepreneur
Bill Gates,Philanthropist
Ramsey Musallam,Educator
Pearl Arredondo,Teacher
Malcolm London,Poet
Malcolm London, performer
Malcolm London, activist
Geoffrey Canada,Education reformer
Angela Lee Duckworth,Psychologist
Ken Robinson,Author/educator
Meg Jay,Clinical psychologist
Maria Bezaitis,Computer engineer
Liu Bolin,Artist
Jay Silver,Inventor
Sergey Brin,Computer scientist
Sergey Brin, entrepreneur and philanthropist
Peter Singer,Philosopher
Peter Singer, ethicist
Phil Hansen,Multimedia artist
Judy MacDonald Johnston,Entrepreneur
Alastair Parvin,Designer
Paola Antonelli,Design curator
Jackson Katz,Anti-sexism educator
Hendrik Poinar,Evolutionary geneticist
Lisa Bu,Passionate reader
Andrew Solomon,Writer
Alex Laskey,Energy software maker
Anas Aremeyaw Anas,Undercover journalist
Denise Herzing,Dolphin researcher
Martin Villeneuve,Graphic artist
Martin Villeneuve, director
Andrew McAfee,Management theorist
Raffaello D'Andrea,Autonomous systems pioneer
George Papandreou,Former Prime Minister of Greece
Daniel Suarez,Sci-fi author
Manal al-Sharif,WomenÛªs rights activist
Didier Sornette,Risk economist
Juliana Rotich,Tech entrepreneur
Joseph Kim,North Korean refugee
Paul Pholeros,Architect
Camille Seaman,Photographer
Lesley Hazleton,Writer
Lesley Hazleton, psychologist
Peter Attia,Surgeon
Bob Mankoff,Cartoon editor
Michael Archer,Paleontologist
Rodney Brooks,Roboticist
Eric X. Li,Investor and political scientist
Joel Selanikio,Health and technology activist
Jinha Lee,Interface designer
Jinha Lee, engineer
Charmian Gooch,Anti-corruption activist
Michael Green,Architect
Jack Andraka,Cancer detector inventor
Al Vernacchio,Sexuality educator
Bernie Krause,Natural sounds expert
Gavin Pretor-Pinney,Cloudspotter
Pico Iyer,Global author
Tom Thum,Beatboxer
John Searle,Philosopher
Kate Stone,Shepherd of electrons
Paul Kemp-Robertson,Advertising expert
Tania Luna,Surprisologist
Bastian Schaefer,Aircraft engineer
Eli Beer,Life saver
Julie Taymor,Director
Julie Taymor, designer
Peter van Manen,Electronic systems expert
Beardyman,Beatboxer and inventor
Daniel H. Cohen,Philosopher
Jinsop Lee,Multi-sense designer
Saki Mafundikwa,Graphic designer
Eleanor Longden,Research psychologist
Margaret Heffernan,Management thinker
Shigeru Ban,Architect
Russell Foster,Circadian neuroscientist
May El-Khalil,Founder of the Beirut Marathon
Adam Spencer,Science communicator
Kelly McGonigal,Health psychologist
Chrystia Freeland,Plutocracy chronicler
Alexa Meade,Visual artist
George Monbiot,Rewilding campaigner
Jake Barton,Designer and storyteller
Ron McCallum,Labor lawyer and activist
Sonia Shah,Science writer
Apollo Robbins,Gentleman thief
James Lyne,Cybersecurity specialist
Marla Spivak,Bees scholar
Andras Forgacs,Bioprinting entrepreneur
Benjamin Barber,Political theorist
Elizabeth Loftus,False memories scholar
Stuart Firestein,Neuroscientist
Onora O'Neill,Philosopher
James Flynn,Moral philosopher
Kevin Breel,Comedian
Kevin Breel, activist
Malcolm Gladwell,Writer
Kelli Swazey,Anthropologist
Amy Webb,Founder and CEO
Amy Webb, Future Today Institute
Fabian Oefner,Photographer
Jason Pontin,Editor
Michael Porter,Business strategist
Michael Sandel,Political philosopher
Janette Sadik-Khan,City transportation expert
Trita Parsi,Political scientist
Gary Slutkin,Epidemiologist
Andrew Fitzgerald,Editor
Jeff Speck,Urban planner
Amanda Bennett,Journalist
Iwan Baan,Urban documentarian
Alessandro Acquisti,Privacy economist
Steve Howard,Corporate innovator
Charles Robertson,Emerging-markets economist
Parul Sehgal,Literary critic
Gian Giudice,Theoretical physicist
Xavier Vilalta,Architect and urbanist
Mariana Mazzucato,Innovation economist
Mohamed Hijri,Biologist
Abha Dawesar,Novelist
Holly Morris,Explorer and filmmaker
Dong Woo Jang,Bow designer
Rodrigo Canales,Business professor
Robin Nagle,Trash anthropologist
GrÌ©goire Courtine,Spinal cord researcher
Mikko Hypponen,Cybersecurity expert
Arthur Benjamin,Mathemagician
Dambisa Moyo,Global economist 
Chris Downey,Architect
Mohamed Ali,Human rights advocate
Stefan Larsson,Value-based health care advocate
Jane McGonigal,Game Designer
Lian Pin Koh,Drones ecologist
Greg Asner,Airborne ecologist
Andreas Raptopoulos,Airborne logistics activist
Peter Doolittle,Educational psychology professor
Jared Diamond,Civilization scholar
Suzana Herculano-Houzel,Neuroscientist
David Steindl-Rast,Monk
Toby Eccles,Social investment visionary
Geraldine Hamilton,Bio researcher
Sally Kohn,Political pundit
David Lang,Maker
Enrique PeÌ±alosa,Colombian politician
Enrique PeÌ±alosa, urban activist
Boyd Varty,Environmental and literacy activist
DiÌ©bÌ©do Francis KÌ©rÌ©,Community-minded architect
Eddy Cartaya,Cave Explorer
Stephen Cave,Philosopher
Rose George,Curious journalist
Toni Griffin,Place maker
Marco Annunziata,Economist
Andrew Solomon,Writer
Krista Donaldson,Engineer
Paul Piff,Social psychologist
Diana Nyad,Journalist
Diana Nyad, swimmer
Mick Cornett,Mayor
Maysoon Zayid,Comedian and writer 
Suzanne Talhouk,Poet and language advocate
Roger Stein,Financial management expert
Sandra Aamodt,Neuroscientist and science writer
Frederic Kaplan,Digital humanities researcher
Ryan Holladay,No Occupation Noted
Harish Manwani,COO
Harish Manwani, Unilever
Mark Kendall,Biomedical engineer
Luke Syson,Curator
Guy Hoffman,Roboticist
Shereen El Feki,Arab sexuality expert
Paula Johnson,Women's-health expert
Yves Morieux,Consultant
Joe Kowan,Musician and graphic designer
Anant Agarwal,Education innovator
Anne Milgram,Criminal justice reformer
McKenna Pope,Teen activist
Nicolas Perony,Animal scientist
Maya Penn,Entrepreneur
Maya Penn, animator
Maya Penn, philanthropist ...
Esta Soler,Violence and abuse prevention expert
Dan Berkenstock,Satellite designer
Teddy Cruz,Architect and urbanist
Alex Wissner-Gross,Scientist
Alex Wissner-Gross, entrepreneur
Alex Wissner-Gross, inventor
Aparna Rao,Artist
David Puttnam,Producer
Leyla Acaroglu,Sustainability strategist
Chris McKnett,Sustainable investment champion
Rupal Patel,Speech scientist
Yann Dall'Aglio,Philosopher
Molly Stevens,Biomaterials researcher
Roselinde Torres,Leadership expert
Christopher Ryan,Psychologist
Ash Beckham,Equality advocate
Siddharthan Chandran,Regenerative neurologist
Catherine Bracy,Hacker
Catherine Bracy, community manager
Michael Metcalfe,Financial expert
Henry Lin,Student scientist
Annette Heuser,Rating agency reformer
Mary Lou Jepsen,Screen engineer
Philip Evans,Consultant
Christopher Soghoian,Privacy researcher and activist
Gabe Barcia-Colombo,Video sculptor
Manu Prakash,Physicist
Manu Prakash, inventor
Ajit Narayanan,Visual grammar engine inventor
Anne-Marie Slaughter,Public policy thinker
Toby Shapshak,Technology writer
Carin Bondar,Wild sex biologist
Daniel Reisel,Neuroscientist
Chris Hadfield,Astronaut
Charmian Gooch,Anti-corruption activist
Ziauddin Yousafzai,Education activist
Bran Ferren,Technology designer
Ed Yong,Science writer
Del Harvey,Security maven
Hugh Herr,Bionics designer
Geena Rocero,Model and activist
Allan Adams,Theoretical physicist
Jennifer Golbeck,Computer scientist
Lawrence Lessig,Legal activist
Amanda Burden,Urban planner
Christopher Emdin,Education pioneer
Louie Schwartzberg,Filmmaker
David Sengeh,Biomechatronics engineer
David Brooks,Op-ed columnist 
Jennifer Senior,Writer
Norman Spack,Endocrinologist
Jeremy Kasdin,Planet finder
Matthew Carter,Type designer
Sarah Lewis,Writer
Michel Laberge,Plasma physicist
Hamish Jolly,Inventor
Hamish Jolly, ocean swimmer
James Patten,Interaction designer
Elizabeth Gilbert,Writer
Wendy Chung,Geneticist
David Epstein,Sports science reporter
Andrew Bastawrous,Eye surgeon
Andrew Bastawrous, inventor
Gavin Schmidt,Climate scientist
Sarah Jones,Polymorphic playwright
Mellody Hobson,Investment expert
Marco Tempest,Techno-illusionist
Stanley McChrystal,Military leader
Randall Munroe,Cartoonist
Mark Ronson,Music producer and DJ
William Black,Academic
Deborah Gordon,Ecologist
Kevin Briggs,Golden Gate guardian
Tristram Wyatt,Zoologist
Rives,Performance poet
Rives, multimedia artist
Simon Sinek,Leadership expert
Jackie Savitz,Ocean advocate
Andrew Solomon,Writer
Chris Kluwe,Punter and author
Wes Moore,Author and advocate
Sebastian Junger,Journalist and documentarian
Jon Mooallem,Writer
Kitra Cahana,Vagabond photojournalist + conceptual artist
Stephen Friend,Open-science advocate
Ray Kurzweil,Inventor
Ray Kurzweil, futurist
Dan Gilbert,Psychologist
Dan Gilbert, happiness expert
Stephen Burt,Poetry critic
Robert Full,Biologist
Yoruba Richen,Documentary filmmaker
Stella Young,Comedian
Stella Young, journalist
Stella Young, activist
Keren Elazari,Cybersecurity expert
Will Potter,Investigative journalist
Uri Alon,Systems biologist
AJ Jacobs,Author
Kwame Anthony Appiah,Philosopher
Anne Curzan ,Language historian
Ruth Chang,Philosopher
Jamila Lyiscott,Poet and educator
Billy Collins,Poet
Shaka Senghor,Author
Lorrie Faith Cranor,Security researcher
Naomi Oreskes,Historian of science
Ge Wang,Music technologist
Julian Treasure,Sound consultant
Chris Domas,Cybersecurity researcher
Sara Lewis,Firefly specialist
Simon Anholt,Policy advisor
Paul Bloom,Psychologist
George Takei,Actor and activist
Joi Ito,Relentless mind
Nicholas Negroponte,Tech visionary
Renata Salecl,Theorist
Karima Bennoune,Professor of international law
David Kwong,Cruciverbalist
David Chalmers,Philosopher
Nikolai Begg,Mechanical engineer
Shih Chieh Huang,Artist
Heather Barnett,Artist
Ze Frank,Humorist
Ze Frank, web artist
Shai Reshef,Education entrepreneur
Margaret Gould Stewart,User experience master
Hubertus Knabe,Historian
Janet Iwasa,Molecular animator
Megan Washington,Musician
Talithia Williams,Statistician
Nick Hanauer,Venture capitalist
Nick Hanauer, author
Dan Pacholke,Prison administrator and reformer
Eric Liu,Civics educator
Clint Smith,Poet
Clint Smith, educator
Tim Berners-Lee,Inventor
Aziza Chaouni,Architect + ecotourism specialist
Jarrett J. Krosoczka,Author/illustrator
Laurel Braitman,Science Historian + Writer
Ziyah Gaficí,Photographer + storyteller
Martin Rees,Astrophysicist
Rose Goslinga,Microinsurer
Meera Vijayann,Citizen journalist
Sally Kohn,Political pundit
Jill Shargaa,Comedian + Designer
Jim Holt,Writer and philosopher
Isabel Allende,Novelist
Shubhendu Sharma,Eco-entrepreneur
Colin Grant,Author
Colin Grant, historian
Zak Ebrahim,Peace activist
Dan Barasch,Strategist
Uldus Bakhtiozina,photographer + visual artist
Rishi Manchanda,Physician
Andrew Connolly,Astronomer
Mac Barnett,Children's book author
Avi Reichental,3D printer
Antonio Donato Nobre,Scientist
Lord Nicholas Stern,Climate economist
Kenneth Cukier,Data Editor of The Economist
Eman Mohammed,Photojournalist
Matthew O'Reilly,Emergency medical technician
Moshe Safdie,Architect
Francis de los Reyes,Environmental engineer
Francis de los Reyes, sanitation activist
Susan Colantuono,Leadership expert
Gail Reed,Cuban health care expert
Nancy Kanwisher,Brain researcher
Daria van den Bercken,Pianist
Thomas Piketty,Economist
Meaghan Ramsey,Self-esteem advocate
Pia Mancini,Democracy activist
Dilip Ratha,Remittances expert
Glenn Greenwald,Journalist
Jeff Iliff,Neuroscientist
Myriam Sidibe,Public-health expert
Jorge Soto,Cancer technologist
Melissa Fleming,Voice for refugees
Kitra Cahana,Vagabond photojournalist + conceptual artist
Susan Etlinger,Data analyst
Fred Swaniker,Educational entrepreneur
Joy Sun,Veteran aid worker
Fabien Cousteau,Ocean explorer and environmentalist
Marc Abrahams,Science humorist
Kimberley Motley,International litigator
Sergei Lupashin,Aerial robotics researcher
Frans Lanting,Nature photographer
Debra Jarvis,Chaplain + author
Jeremy Heimans,Activist
Alessandra Orofino,Political mobilization activist
Ameenah Gurib-Fakim,President of Mauritius
Kare Anderson,Writer
Alejandro Aravena,Urban architect
Haas&Hahn,Favela painters
Ramanan Laxminarayan,Drug-resistance economist
Michael Green,Social progress expert
Ethan Nadelmann,Drug policy reformer
Leana Wen,Emergency physician
Leana Wen, public health advocate
David Grady,Information security manager
Will Marshall,Space scientist
Nancy Frates,Mother + ALS Advocate
Joe Landolina,medical inventor
Rosie King,Storytelling activist
Mark Plotkin,Amazonian ethnobotanist
Emily Balcetis,Psychologist
Pico Iyer,Global author
Oren Yakobovich,Human-rights activist
Ben Saunders,Arctic explorer
Rainer Strack,Human resources expert
Barbara Natterson-Horowitz,Cardiologist
Jose Miguel Sokoloff,Anti-guerrilla creative
Anastasia Taylor-Lind,Documentary photographer
Thomas Hellum,Slow television advocate
Catherine Crump,Attorney + privacy advocate
Dave Troy,Technologist
Vern Myers,Diversity advocate
Jeremy Howard,Data scientist
Carol Dweck,Psychologist
Bruno Torturra,Livestreaming activist
Mundano,Graffiti artist + activist
Erin McKean,Dictionary editor
Michael Rubinstein,Research scientist
Michael Rubinstein, Google
Asha de Vos,Protector of whales
Daniele Quercia,Map researcher
Aziz Abu Sarah,Entrepreneur + educator
Fredy Peccerelli,Forensic anthropologist
Tasso Azevedo,Forester and sustainability activist
Navi Radjou,Innovation strategist
Robert Swan,Polar explorer
Robert Muggah,Megacities expert
Cristina Domenech,Poet and educator
Matthieu Ricard,Monk
Matthieu Ricard, author
Matthieu Ricard, photographer
Sarah Bergbreiter,Microroboticist
Joe Madiath,Social entrepreneur
Morgana Bailey,Human resources professional
Miguel Nicolelis,Neuroscientist
Severine Autesserre,Peace and conflict researcher
Khadija Gbla,Cross-cultural consultant
Bassam Tariq,Creative spirit
Zeynep Tufekci,Techno-sociologist
Bruce Aylward,Epidemiologist
Ben Ambridge,Psychologist
Tom Wujec,Designer
Brian Dettmer,No Occupation Noted
Jaap de Roode,Biologist
Ricardo Semler,Organizational changemaker
Kenneth Shinozuka,Smart product inventor
Hannah Fry,Complexity theorist
Guy Winch,Psychologist
Guy Winch, author
Nadine Burke Harris,Pediatrician
Laura Boushnak,Photographer
Angelo Vermeulen,Space researcher
Angelo Vermeulen, biologist
Angelo Vermeulen, artist
James A. White Sr.,Consultant
Rob Knight,Microbial ecologist
Khalida Brohi,WomenÛªs rights activist and entrepreneur
Romina Libster,Medical researcher
Ben Wellington,Data scientist
Helder GuimarÌ£es,Magician
Jon Gosier,Investor
Jon Gosier, data scientist
Jon Gosier, entrepreneur
Topher White,Conservation technologist
Harry Baker,Poet
Andy Yen,Secure email developer
Ilona SzabÌ_ de Carvalho,Policy reformer
Sangu Delle,Entrepreneur
Marc Kushner,Architect
Ismael Nazario,Prison reform advocate
Shimpei Takahashi,Toy designer
Linda Hill,Management professor
Vincent Cochetel,Humanitarian
Robyn Stein DeLuca,Psychologist
David Eagleman,Neuroscientist
Joseph DeSimone,Chemist
Joseph DeSimone, inventor
Monica Lewinsky,Social activist
Fei-Fei Li,Computer scientist
Anand Giridharadas,Writer
Dave Isay,Story collector
Theaster Gates,Artist
Theaster Gates, potter
Theaster Gates, community builder
Dame Stephanie Shirley,Entrepreneur and philanthropist
Alison Killing,Architect
Daniel Kish,Perceptual navigation specialist
Kevin Rudd,International relations expert 
Boniface Mwangi,No Occupation Noted
Bill Gates,Philanthropist
Bel Pesce,Entrepreneur
Eduardo SÌÁenz de CabezÌ_n,Math educator
Dan Ariely,Behavioral economist
Fred Jansen,Space explorer
Barat Ali Batoor,Photojournalist
Kailash Satyarthi,ChildrenÛªs rights activist
Takaharu Tezuka,Architect
Paul Tudor Jones II,Investor
Nathalie Cabrol,Planetary explorer
Gary Haugen,Human rights attorney
Jedidah Isler,Astrophysicist
Chris Milk,Immersive storyteller
Clint Smith,Poet
Clint Smith, educator
Nizar Ibrahim,Paleontologist
Nick Bostrom,Philosopher
Greg Gage,Neuroscientist
Sophie Scott,Neuroscientist
Sophie Scott, stand-up comic
Alice Goffman,Urban sociologist
Pamela Ronald,Plant geneticist
Abe Davis,Computer scientist
Tal Danino,Synthetic biologist
Dawn Landes,Singer-songwriter
Anand Varma,Photographer
Elora Hardy,Sustainable designer
Roman Mars,Digital storyteller
Cosmin Mihaiu,Physical therapy entrepreneur
Steven Wise,Animal rights lawyer
Esther Perel,Relationship therapist
Chris Burkard,Surf photographer
Jeffrey Brown,Pastor
Yassmin Abdel-Magied,Mechanical engineer
Yassmin Abdel-Magied, social advocate
Sara Seager,Exoplanet expert
Jimmy Nelson,Last tribes photographer
Bill Gross,Idea guy
Laura Schulz,Cognitive scientist
Tony Fadell,Product creator
Trevor Aaronson,Journalist
Linda Cliatt-Wayman,High school principal
Suki Kim,Writer
Sarah Jones,Polymorphic playwright
Donald Hoffman,Cognitive scientist
Lee Mokobe,Poet
Rana el Kaliouby,Computer scientist
Margaret Heffernan,Management thinker
Steve Silberman,Writer and editor
LaToya Ruby Frazier,Photographer
Roxane Gay,Writer
Chip Kidd,Graphic designer
Maryn McKenna,Public health journalist
Chris Urmson,Roboticist
Dame Ellen MacArthur,Circular economy advocate
Jimmy Carter,Peace activist
Latif Nasser,Radio researcher
Gayle Tzemach Lemmon,Reporter
Rajiv Maheswaran,Researcher
Memory Banda,Activist
Johann Hari,Journalist
Ash Beckham,Equality advocate
Noy Thrupkaew,Global journalist
Aspen Baker,Listener
Salvatore Iaconesi,Open-source engineer and artist
Marlene Zuk,Evolutionary biologist
Jon Ronson,Writer and filmmaker
Alaa Murabit,Peace expert
John Green,Writer
eL Seed,Artist
Yuval Noah Harari,Historian
Benedetta Berti,International policy analyst
Rich Benjamin,Social observer
Matt Kenyon,New media artist
Patience Mthunzi,Laser scientist
Alix Generous,Advocate
Manuel Lima,Data visualization researcher
Tony Wyss-Coray,Brain scientist
Christopher Soghoian,Privacy researcher and activist
Dustin Yellin,Sculptor 
Jim Al-Khalili,Quantum physicist
Seth Berkley,Vaccine visionary
Robin Murphy,Disaster roboticist
Yves Morieux,Consultant
Wendy Freedman,Astronomer
Elizabeth Nyamayaro,Political scientist
Jamie Bartlett,Social media analyst
Alan Eustace,Stratospheric explorer
Barry Schwartz,Psychologist
BJ Miller,Palliative care physician
Billie Jean King,Tennis legend and activist
David Rothkopf,Foreign policy strategist
Mia Birdsong,Family activist
Michael Kimmel,Sociologist
Mandy Len Catron,Writer
Scott Dinsmore,Writer
Scott Dinsmore, traveler
Sakena Yacoobi,Education activist
Frances Larson,Anthropologist
Mary Robinson,Global leader
Robin Morgan,Poet and activist
Samuel Cohen,Research scientist
Taiye Selasi,Author
Mac Stone,Photographer
Martin Pistorius,Author
Martin Pistorius, designer
Emilie Wapnick,Writer
Emilie Wapnick, coach
Emilie Wapnick, artist ...
Alice Bows-Larkin,Climate scholar
Siddhartha Mukherjee,Cancer physician and writer
Neri Oxman,Architect
Neri Oxman, designer
Sandrine Thuret,Neural stem cell researcher
Michael Green,Social progress expert
Vijay Kumar,Roboticist
Alyson McGregor,Women's health pioneer
Anders Fjellberg,Journalist
Meklit Hadero,Singer-songwriter
Will Potter,Investigative journalist
Jennifer Doudna,Biologist
Tea Uglow,Designer
Francesco Sauro,Speleologist
Hilary Cottam,Innovator and social entrepreneur
Cesar Harada,Inventor
Cesar Harada, environmentalist
Cesar Harada, educator
Christine Sun Kim,Sound artist
Christine Sun Kim, composer
Mathias Jud,Artist
Daniel Levitin,Neuroscientist
Nancy Lublin,Activist
Melissa Fleming,Voice for refugees
PatrÌ_cia Medici,Wildlife conservationist
Harald Haas,Communications technology innovator
Andreas EkstrÌ¦m,Author and journalist
Chelsea Shields,Activist
Chelsea Shields, anthropologist
Chelsea Shields, consultant
Jean-Paul Mari,Journalist and psychologist
Josh Luber,Sneaker data expert
Nonny de la PeÌ±a,Virtual reality pioneer
Carl Safina,Ecologist
Carl Safina, writer
Genevieve von Petzinger,Paleoanthropologist and rock art researcher
Ann Morgan,Writer
Ann Morgan, blogger
Ann Morgan, author
Regina Hartley,Human Resources Manager
Regina Hartley, UPS
Marina Abramovià,Performance artist
Kristen Marhaver,Coral reef biologist
Jessica Shortall,Strategy consultant
Jessica Shortall, social entrepreneur and author
Chieko Asakawa,Visionary inventor
Guillaume NÌ©ry,World champion freediver
Jedidah Isler,Astrophysicist
Danit Peleg,Fashion designer
Raymond Wang,Inventor
Paul Greenberg,Author
Lucianne Walkowicz,Stellar astronomer
Alison Killing,Architect
AntÌ_nio Guterres,Designate Secretary-General of the United Nations
Rodrigo Bijou,Security researcher 
Jason deCaires Taylor,Sculptor
Robert Waldinger,Psychiatrist
Robert Waldinger, psychoanalyst and Zen priest
Harry Cliff,Particle physicist
Sebastian Wernicke,Data scientist
Aomawa Shields,Astronomer
Aomawa Shields, astrobiologist
Aomawa Shields, actor
Aomawa Shields, writer
David Sedlak,Civil and environmental engineer
James Veitch,Comedian and writer
Tim Harford,Economist
Tim Harford, journalist and broadcaster
Melvin Russell,Chief of the Community Partnership Division
Melvin Russell, Baltimore Police Department
Wael Ghonim,Internet activist and computer engineer
Ole Scheeren,Architect
Jill Heinerth,Cave diver
Jill Farrant,Professor of molecular and cell biology
Oscar Schwartz,Writer and poet
Achenyo Idachaba,Green entrepreneur
Elizabeth Lev,Art historian
Yanis Varoufakis,Economist and professor
David Gruber,Marine biologist
David Gruber, explorer-photographer
Tania Simoncelli,Policy expert
Auke Ijspeert,Roboticist
Linda Liukas,Programmer
Linda Liukas, storyteller and illustrator
AndrÌ©s Ruzo,Geoscientist
Judson Brewer,Mindful addiction doctor
Pardis Sabeti,Computational geneticist
Matthew Williams,Special Olympics International Sargent Shriver Global Messenger
Dambisa Moyo,Global economist 
Sean Follmer,Human-computer interaction researcher and designer
Gregory Heyworth,Textual scientist
Mike Velings,Entrepreneur and conservationist
Dorothy Roberts,Professor
Dorothy Roberts, author and social justice advocate
Jocelyne Bloch,Functional neurosurgeon
Celeste Headlee,Writer and radio host
Shonda Rhimes,Writer and producer
Allan Adams,Theoretical physicist
Raffaello D'Andrea,Autonomous systems pioneer
Al Gore,Climate advocate
Dalia Mogahed,Muslim studies scholar
Audrey Choi,Sustainable investment expert
Mary Bassett,New York City Health Commissioner
Ivan Coyote,Writer
Ivan Coyote, performer
Thomas Peschak,Conservation photographer
Magda Sayeg,Textile artist
Russ Altman,Big data techno-å_optimist and internist
Alexander Betts,Social scientist
Travis Kalanick,Entrepreneur
Reshma Saujani,Education activist
Caleb Harper,Principal Investigator and Director of the Open Agriculture Initiative
Laura Robinson,Ocean scientist
Mileha Soneji,Product designer
Tshering Tobgay,Prime Minister of Bhutan
Casey Gerald,American
Joe Gebbia,Designer
Joe Gebbia, co-founder of Airbnb
Tim Urban,Blogger
Jessica Ladd,Founder and CEO
Jessica Ladd, Callisto
Arthur Brooks,Social scientist
Arthur Brooks, author 
Meron Gribetz,Founder and CEO
Meron Gribetz, Meta
Adam Foss,Juvenile justice reformer
Carol Fishman Cohen,CEO and co-founder
Carol Fishman Cohen, iRelaunch
Latif Nasser,Radio researcher
Siyanda Mohutsiwa,Writer
Alex Kipman,Inventor
AngÌ©lica Dass,Artist and photographer
Dan Gross,Gun-control activist
Lisa Nip,Synthetic biologist 
Knut Haanaes,Strategist
Adam Grant,Organizational psychologist
Haley Van Dyck,Disrupter
Parag Khanna,Global strategist
Danielle Feinberg,Director of photography
Danielle Feinberg, Pixar
Tabetha Boyajian,Astronomer
Robert Palmer,Campaign leader
Robert Palmer, Global Witness
Hugh Evans,Humanitarian
Stephen Petranek,Technology forecaster 
Paula Hammond,Medical researcher and educator 
Astro Teller,Entrepreneur
Astro Teller, inventor
Astro Teller, author
Mary Norris,Copy editor
Christiana Figueres,Climate advocate
Chris Anderson,TED Curator
Joshua Prager,Journalist
Juan Enriquez,Futurist
Aditi Gupta,Social entrepreneur
Aditi Gupta, co-founder of Menstrupedia
Kenneth Lacovara,Paleontologist
Shivani Siroya,Mobile finance entrepreneur
R. Luke DuBois,Artist
R. Luke DuBois, composer
R. Luke DuBois, engineer
Ameera Harouda,Fixer
Michael Metcalfe,Financial expert
Riccardo Sabatini,Scientist
Riccardo Sabatini, entrepreneur
Sarah Gray,Researchers' dream donator
Alice Rawsthorn,Design critic
Dan Pallotta,Author
Dan Pallotta, speaker
Dan Pallotta, reformer
Monica Byrne,Author and playwright
Michael Bodekaer,Entrepreneur
Jennifer Kahn,Science journalist
Uri Hasson,Neuroscientist
Sanford Biggers,Conceptual artist
Sangeeta Bhatia,Physician
Sangeeta Bhatia, bioengineer and entrepreneur 
Kang Lee,Developmental researcher
Laura Indolfi,Biomedical entrepreneur
Sebastian Junger,Journalist and documentarian
Juno Mac,Sex worker and activist
Trevor Timm,Writer
Trevor Timm, activist and legal analystÈÀ
Lidia Yuknavitch,Author
Mariano Sigman,Neuroscientist
Zaria Forman,Artist
Joseph Ravenell,Physician and menÛªs health advocate
Sue Desmond-Hellmann,CEO
Sue Desmond-Hellmann, Gates Foundation
Samantha Nutt,Doctor
Samantha Nutt, writer and humanitarian
Stephen Wilkes,Narrative photographer
CÌ©dric Villani,Mathematician
Amit Sood,Technologist
ShaoLan,Technologist
ShaoLan, entrepreneur
Sajay Samuel,Educator
Negin Farsad,Comedian
Negin Farsad, filmmaker
Andrew Youn,Anti-hunger activist
Jamila Raqib,Peacemaker
Andrew Pelling,Biohacker
Chris Milk,Immersive storyteller
Tristan Harris,Design thinker
Gill Hicks,Survivor and activist
Keolu Fox,Geneticist
Keolu Fox, indigenous rights activist
Seema Bansal,Education innovator
Brian Little,Personality researcher
Tom Hulme,Designer
Tom Hulme, venturer
Wanda Diaz Merced,Sonic astrophysicist
Blaise AgÌ_era y Arcas,Software architect
Julia Galef,Writer
Prosanta Chakrabarty,Ichthyologist
Marwa Al-Sabouni,Architect
Alexander Betts,Social scientist
Safwat Saleem,Artist
Safwat Saleem, graphic designer
Safwat Saleem, filmmaker
Elise Roy,Lawyer
Elise Roy, artist
Elise Roy, human rights advocate
Leila Hoteit,Women's advocate
Eric Haseltine,Author
Eric Haseltine, futurist
Eric Haseltine, innovator
Emma Marris,Environmental writer
Shubhendu Sharma,Eco-entrepreneur
Adam Savage,Maker
Adam Savage, critical thinker
Lisa Dyson,Sustainability crusader
eL Seed,Artist
Gerard Ryle,Investigative journalist
Ed Boyden,Neuroengineer
Suzanne Simard,Forest ecologist
Anthony Goldbloom,Machine learning expert
Martin Reeves,Strategist
Molly Winter,Designer
Ngozi Okonjo-Iweala,Economist
Dave Brain,Planetary scientist
Monica Araya,Climate advocate
James Green, Space physicist
Sarah Parcak,Satellite archaeologist + TED Prize winner
Anand Giridharadas,Writer
Gonzalo VilariÌ±o,Lawyer
Gonzalo VilariÌ±o, coach
Olivier Scalabre,Industrial systems thinker
Timothy Ihrig,Palliative care physician
Laura Boushnak,Photographer
Don Tapscott,Digital strategist
Vanessa Ruiz,Anatomical artist
Julia Bacha,Filmmaker
Christopher Bell,Media studies scholar
Kio Stark,Stranger enthusiast
Jonathan Tepperman,Global affairs thinker
James Veitch,Comedian and writer
Sal Khan,Educator and social entrepreneur
Courtney E. Martin,Journalist
David Camarillo,Bioengineer
Franz Freudenthal,Pediatric cardiologist
Neha Narula,Currency futurist
Julie Lythcott-Haims,Academic
Julie Lythcott-Haims, author
Michael Shellenberger,Climate policy expert
Michael Murphy,Designer
Abigail Marsh,Psychologist
Eric Liu,Civics educator
David Burkus,Management researcher
Nadia Lopez,Educator
Sebastian Kraves,Biotech entrepreneur
Rebecca MacKinnon,Internet freedom activist
J.D. Vance,Author
Camille A. Brown,Choreographer and educator
Oded Shoseyov,Nanobiotechnologist
Sam Harris,Neuroscientist
Sam Harris, philosopher
Helen Fisher,Anthropologist
Helen Fisher, expert on love
Ellen Jorgensen,Biologist
Ellen Jorgensen, community science advocate
Sayu Bhojwani,Immigration scholar
Adam de la Zerda,Biologist
Adam de la Zerda, electrical engineer
Isaac Lidsky,Author
Isaac Lidsky, entrepreneur
John McWhorter,Linguist
Ione Wells,Writer
Ione Wells, activist
Pico Iyer,Global author
Melissa Walker,Creative arts therapist
Jim Hemerling,Organizational change expert
Rachel Botsman,Trust researcher
Todd Coleman,Bioelectronics innovatorÈÀ
Zeynep Tufekci,Techno-sociologist
Manwar Ali,Peace activist
Philippa Neave,Electoral consultant
Wanis Kabbaj,Transportation geek
Ian Bremmer,Political theorist
Alyssa Monks,Painter
Tasos Frantzolas,Entrepreneur
Kelli Jean Drinkwater,Artist
Kelli Jean Drinkwater, activist 
Christopher Soghoian,Privacy researcher and activist
Kandice Sumner,Educator
Mallory Soldner,Data activist
Tim Leberecht,Business romantic
Halla TÌ_masdÌ_ttir,Change catalyst
Suzanne Barakat,Physician
Fawn Qiu,Technologist
Hector Garcia,Psychologist
Bettina Warburg,Blockchain entrepreneur and researcher
Steven Johnson,Writer
Victor Rios,Educator
Victor Rios, author
Roger Antonsen,Logician
Roger Antonsen, mathematician
Roger Antonsen, computer scientist
Sandi Toksvig,Broadcast personality
Sandi Toksvig, politician
Sandi Toksvig, author
Juan Enriquez,Futurist
Adam Galinsky,Social psychologist
Joe Lassiter,Energy scholar
Danny Dorling,Social geographer
Ryan Gravel,Urban planner
Ryan Gravel, designer
Ryan Gravel, author
Kate Adams,Digital storyteller
Natalie Panek,Rocket scientist
Natalie Panek, explorer
Jia Jiang,Author
Jia Jiang, blogger
Jia Jiang, entrepreneur
Elizabeth Lesser,Wellness specialist
Veerle Provoost,Bioethicist
Kevin B. Jones,Cancer researcher
Kevin Kelly,Digital visionary
Rebecca Brachman,Neuroscientist
Rebecca Brachman, writer
Rebecca Brachman, entrepreneur
Dena Simmons,Educator
Laura Vanderkam,Author
David Autor,Economist
Chinaka Hodge,Writer
Chinaka Hodge, educator
Anjali Tripathi,Astrophysicist
Sharon Brous,Rabbi
James Beacham,Experimental particle physicist
Adam Grant,Organizational psychologist
Erika Gregory,Nuclear reformer
Sam Kass,Food entrepreneur
Sofia Jawed-Wessel,Sex researcher
Mandy Len Catron,Writer
George Tulevski,Materials scientist
Dan Bricklin,Software pioneer
Alejandro SÌÁnchez Alvarado,Developmental and regeneration biologist
Sisonke Msimang,Writer
Sisonke Msimang, activist
Jennifer Brea,Filmmaker
Ashley Judd,Actor
Ashley Judd, activist
Emily Parsons-Lord,Artist
Robb Willer,Social psychologist
Paul Knoepfler,Biologist
Jeanne Gang,Architect
Caleb Barlow,Cybercrime fighter
Deeyah Khan,Filmmaker
Deepika Kurup,Inventor
Deepika Kurup, student scientist
Sarah Parcak,Satellite archaeologist + TED Prize winner
Alan Smith,Data visualisation editor
Eduardo BriceÌ±o,Learning expert
Sue Klebold,Activist
Nagin Cox,Spacecraft operations engineer
Maurice Conti,Designer
Maurice Conti, futurist
Joshua Smith,Cancer fighter
Jeff Speck,Urban planner
Aala El-Khani,Humanitarian psychologist
Miriam Zoila PÌ©rez,Writer
Miriam Zoila PÌ©rez, activist
Amy Adele Hasinoff,Communications researcher
Lara Setrakian,Journalist
Salil Dudani,Legal activist
Grady Booch,Scientist
Grady Booch, philosopher
Brittney Cooper,Cultural theorist
Jonathan Rossiter,Roboticist
Charity Wayua,Public sector researcher
Stacy Smith,Media researcher
Ani Liu,Designer
Ani Liu, artist
Jeff Kirschner,Entrepreneur
Lux Narayan,Entrepreneur
Kathy Hull,Pediatric psychologist
Carrie Poppy,Writer
Carrie Poppy, radio host
Carrie Poppy, comedian
Megan Phelps-Roper,Writer
Megan Phelps-Roper, activist
Caroline Paul,Author
Jude Kelly,Theater director
Jude Kelly, producer
Joy Buolamwini,Poet of code
John Koenig,Writer
Caitlin Doughty,Progressive mortician
Carrie Nugent,Asteroid hunter
Peggy Orenstein,Journalist
Peggy Orenstein, author
Karina Galperin,Literary scholar
Dan Bell,Filmmaker
Peter Weinstock,Pediatric ICU doctor
Michele L. Sullivan,Social innovator
Margaret Bourdeaux,Physician
Margaret Bourdeaux, global health policy analyst
Simon Anholt,Policy advisor
Mona Chalabi,Data journalist
Ashton Cofer,Youth inventor
Katie Hinde,Lactation researcher
Michael Botticelli,Drug policy expert
Moshe Szyf,Epigeneticist
Emtithal Mahmoud,Poet
Casey Brown,Pricing consultant
Katie Bouman,Imaging scientist
SebastiÌÁn Bortnik,Information security specialist 
David R. Williams,Public health sociologist
Giorgia Lupi,Information designer
Ari Wallach,Futurist
Jonathan Marks,Bioethicist
Jonathan Marks, lawyer
Todd Scott,First aid instructor
Zubaida Bai,Women's health advocate
Chimamanda Ngozi Adichie,Novelist
Siamak Hariri,Architect
Natasha Hurley-Walker,Astronomer
Amy Green,Video game designer
David Casarett,Physician
"Curtis ""Wall Street"" Carroll",Financial literacy advocate
Stephanie Busari,Journalist
Siddhartha Roy,Environmental engineer
His Holiness Pope Francis,Bishop of Rome
Lisa Genova,Neuroscientist
Lisa Genova, novelist
Deborah Lipstadt,Historian
Laura Galante,Cyberspace analyst
Sangu Delle,Entrepreneur
Karim Abouelnaga,Education entrepreneur
Carolyn Jones,Photographic ethnographer
Robert Sapolsky,Neuroscientist
Robert Sapolsky, primatologist
Robert Sapolsky, writer
Jorge Drexler,Musician
Jorge Drexler, poet
Kate Stafford,Oceanographer
Shah Rukh Khan,Actor
Shah Rukh Khan, producer
Shah Rukh Khan, activist
Stuart Russell,AI expert
Lucy Kalanithi,Caregiver
Ted Halstead,Policy entrepreneur
Ted Halstead, climate expert
Ted Halstead, author
Wendy Troxel,Sleep researcher
Rutger Bregman,Historian
Sitawa Wafula,Mental health advocate
Anthony D. Romero,Attorney
Anthony D. Romero, public-interest activist
Nina Fedoroff,Molecular biologist
 OK Go,Band
Triona McGrath,Chemical oceanographer
Garry Kasparov,Grandmaster
Garry Kasparov, analyst
Marlon Peterson,Human justice advocate
Raj Panjabi,Physician
Rhiannon Giddens,Musician
Michael Bierut,Designer
Michael Bierut, critic
Michael Patrick Lynch,Philosopher
Justin Davidson,Architecture critic
Carina Morillo,Autism advocate
Mehdi Ordikhani-Seyedlar,Neuroscientist
Anne Lamott,Novelist
Anne Lamott, essayist
Tim Ferriss,Investor
Tim Ferriss, human guinea pig
Tim Ferriss, author
Richard Browning,Founder
Richard Browning, Gravity
Katrina Spade,Inventor
Katrina Spade, designer
Katrina Spade, death care advocate
Sharon Terry,Citizen biomedical researcher
Jim Yong Kim,President
Jim Yong Kim, World Bank Group
Anab Jain,Futurist
Anab Jain, designer
David Miliband,Refugee advocate
SinÌ©ad Burke,Writer
SinÌ©ad Burke, educator
Cheyenne Cochrane,Storyteller
Luma Mufleh,Refugee activist
Manu Prakash,Physicist
Manu Prakash, inventor
Rabbi Lord Jonathan Sacks,Religious leader
Jorge Ramos,Journalist
Jorge Ramos, news anchor
Liz Hajek,Geoscientist
Adam Alter,Psychologist
Kate Marvel,Climate scientist
Anil Seth,Cognitive neuroscientist
Tricia Wang,Technology ethnographer
Noah Feldman,Constitutional law scholar
Susan Robinson,Business executive
Susan Robinson, entrepreneur
Grace Kim,Architect
Jimmy Lin,Geneticist
Tristan Harris,Design thinker
Jennifer Pluznick,Physiologist
Kristen Marhaver,Coral reef biologist
Marc Raibert,Roboticist
Titus Kaphar,Artist
Ingrid Betancourt,Writer
Ingrid Betancourt, peace advocate
FranÌ¤oise Mouly,Art editor
Joseph Redmon,Computer scientist
Tom Gruber,AI product designer
Anjan Chatterjee,Cognitive neuroscientist
Ashton Applewhite,Author
Ashton Applewhite, activist
David Baron,Science writer
Anne Madden,Microbiologist
Anne Madden, inventor and strategist
Damon Davis,Artist and filmmaker
Manoush Zomorodi,Tech podcaster
Ronald Sullivan,Clinical professor of law
Jack Conte,Musician
Jack Conte, entrepreneur
Peter Calthorpe,Urban designer
Richard J. Berry,Mayor of Albuquerque
Susan Pinker,Developmental psychologist
Anika Paulson,Student
Anika Paulson, musician
Cathy O'Neil,Mathematician
Cathy O'Neil, data scientist
Iyad Rahwan,Computational social scientist
David Whyte,Poet
David Whyte, author
Robin Hanson,Futurist
Robin Hanson, social scientist
Carolyn Bertozzi,Chemical biologist
Niki Okuk,Entrepreneur
Wanuri Kahiu,Filmmaker
Wanuri Kahiu, writer
Tara Winkler, Child protection leader
Tara Winkler, activist
Tara Winkler, author 
Noriko Arai,AI expert
Jennifer Granick,Surveillance and cybersecurity counsel
Chance Coughenour,Digital archaeologist
Chetan Bhatt,Sociologist
Chetan Bhatt, human rights activist
Daan Roosegaarde,Artist
Erin Marie Saltman,Policy researcher
Ray Dalio,Hedge fund chair
Tomaís Saraceno,Artist
Benjamin Grant,Author
OluTimehin Adegbeye,Writer
OluTimehin Adegbeye, activist
Emily Esfahani Smith,Author
Alexander Wagner,Economist
Pierre Thiam,Chef
Augie Picado,Border specialist
Helen Czerski,Physicist
Sethembile Msezane,Artist
Jun Wang,Genomics researcher
Oluífeíí£mi TaíiíwoíÛ,Historian
Oluífeíí£mi TaíiíwoíÛ, philosopher
Duarte Geraldino,Journalist
Armando Azua-Bustos,Astrobiologist
Radhika Nagpal, Robotics engineer
Theo E.J. Wilson,Public intellectual
Karoliina Korppoo,Game designer
Nadine Hachach-Haram,Surgeon
Nadine Hachach-Haram, entrepreneur
Devita Davison,Food activist
Dao Nguyen,Media analytics expert
Alastair Gray,Brand protection manager
Martina Flor,Lettering designer
Dan Gartenberg,Sleep scientist
Justin Baldoni,Actor
Justin Baldoni, filmmaker
Justin Baldoni, social entrepreneur
Luvvie Ajayi,Creator
G.T. Bynum,Mayor of Tulsa
G.T. Bynum, Oklahoma
Natsai Audrey Chieza,Designer
Matilda Ho,Serial entrepreneur
Matilda Ho, investor
Keller Rinaudo,Robotics entrepreneur
Elizabeth Blackburn,Molecular biologist
Sarah Corbett,Craftivist
Scott Galloway,Professor of marketing
Niti Bhan,Human-centered strategist
Per Espen Stoknes,Psychologist
Per Espen Stoknes, economist
Kayla BriÌÇt,Filmmaker
Kayla BriÌÇt, musician
Christen Reighter,Poet
Christen Reighter, essayist
Beth Malone,Social entrepreneur
Beth Malone, artist
David Titley,Meteorologist
Lloyd Pendleton,Homeless advocate
Jackson Bird,Digital storyteller
Jackson Bird, activist
Teresa Njoroge,Criminal and social justice reform advocate
Victoria Pratt,Professor
Robert Muggah,Megacities expert
Jon Bowers,Perfection enthusiast
Paul Hessburg,Research ecologist
InÌ©s Hercovich,Sociologist
InÌ©s Hercovich, social psychologist
Washington Wachira,Wildlife ecologist
Washington Wachira, nature photographer and safari guide
Gretchen Carlson,TV journalist
Gretchen Carlson, women's empowerment advocate
Amel Karboul,Education pioneer
Giulia Enders,Doctor
Giulia Enders, author
Nnedi Okorafor,Science fiction writer
Lauren Sallan,Paleobiologist
Tim Kruger,Geoengineering researcher
Zeynep Tufekci,Techno-sociologist
Carlos Bautista,Entrepreneur
Carlos Bautista, creative technologist
Martin Ford,Futurist
RocÌ_o Lorenzo,Management consultant
RocÌ_o Lorenzo, diversity researcher
Anjan Sundaram,Author
Anjan Sundaram, journalist
Naomi McDougall Jones,Actress
Naomi McDougall Jones, writer
Naomi McDougall Jones, producer
Naomi McDougall Jones, activist
Mike Kinney,Business development supervisor
Gus Casely-Hayford,Cultural historian
Chris Sheldrick,Entrepreneur
Uldus Bakhtiozina,Artist
Uldus Bakhtiozina, visionary
Margrethe Vestager,Commissioner for Competition
Margrethe Vestager, European Union
Elizabeth Wayne,Biomedical engineer
Kristin Poinar,Glaciologist
Paul Tasner,Entrepreneur
Elif Shafak,Novelist
Sara DeWitt,ChildrenÛªs media expert
David Lee,Innovation leader
Eric Dyer,Artist
Eric Dyer, educator
Greg Gage,Neuroscientist
Chika Ezeanya-Esiobu,Indigenous knowledge expert
Sara Menker,Technology entrepreneur
Nikki Webber Allen,Multimedia producer
Levon Biss,Photographer
Prumsodun Ok,Interdisciplinary artist
Gabriela GonzÌÁlez,Astrophysicist
Helen Pearson,Science journalist
Helen Pearson, editor
Helen Pearson, author
Euna Lee,Journalist
Christian RodrÌ_guez,Documentary photographer
Anna Heringer,Architect
Julio Gil,Logistics expert
Nabila Alibhai,Place-maker
Mei Lin Neo,Marine biologist
Anindya Kundu,Sociologist
Anindya Kundu, educator
Anindya Kundu, writer
